timestamp,timeIntervalSince1970,x,y,z
"2025-06-23 17:17:52.035 +0000",1750699072.035203,0.106979,-0.408646,-1.092239
"2025-06-23 17:17:52.045 +0000",1750699072.045273,0.106064,-0.332504,-1.113129
"2025-06-23 17:17:52.055 +0000",1750699072.055343,0.114243,-0.327896,-1.019028
"2025-06-23 17:17:52.065 +0000",1750699072.065411,0.121262,-0.365082,-0.917374
"2025-06-23 17:17:52.075 +0000",1750699072.075481,0.166245,-0.355988,-0.880539
"2025-06-23 17:17:52.086 +0000",1750699072.085551,0.189957,-0.325714,-0.879242
"2025-06-23 17:17:52.096 +0000",1750699072.095621,0.157883,-0.344727,-0.953278
"2025-06-23 17:17:52.106 +0000",1750699072.105690,0.082443,-0.395096,-1.012375
"2025-06-23 17:17:52.116 +0000",1750699072.115760,0.015961,-0.426498,-1.005890
"2025-06-23 17:17:52.126 +0000",1750699072.125829,-0.026779,-0.410721,-0.976334
"2025-06-23 17:17:52.136 +0000",1750699072.135898,-0.001648,-0.363434,-0.921082
"2025-06-23 17:17:52.146 +0000",1750699072.145969,0.003174,-0.335800,-0.875870
"2025-06-23 17:17:52.156 +0000",1750699072.156038,-0.011322,-0.350983,-0.907501
"2025-06-23 17:17:52.166 +0000",1750699072.166108,-0.004669,-0.363037,-0.939621
"2025-06-23 17:17:52.176 +0000",1750699072.176178,-0.041046,-0.363678,-0.916229
"2025-06-23 17:17:52.186 +0000",1750699072.186247,-0.074905,-0.340927,-0.843246
"2025-06-23 17:17:52.196 +0000",1750699072.196317,-0.077545,-0.266205,-0.787323
"2025-06-23 17:17:52.206 +0000",1750699072.206387,-0.081024,-0.325150,-0.819260
"2025-06-23 17:17:52.216 +0000",1750699072.216455,-0.042419,-0.379578,-0.892014
"2025-06-23 17:17:52.227 +0000",1750699072.226526,-0.017792,-0.392334,-0.940231
"2025-06-23 17:17:52.237 +0000",1750699072.236596,-0.031631,-0.359802,-0.915573
"2025-06-23 17:17:52.247 +0000",1750699072.246665,-0.083008,-0.332886,-0.918900
"2025-06-23 17:17:52.257 +0000",1750699072.256734,-0.123306,-0.324860,-0.940140
"2025-06-23 17:17:52.267 +0000",1750699072.266805,-0.116394,-0.303024,-0.931549
"2025-06-23 17:17:52.277 +0000",1750699072.276875,-0.104889,-0.264786,-0.896973
"2025-06-23 17:17:52.287 +0000",1750699072.286943,-0.098526,-0.248779,-0.882751
"2025-06-23 17:17:52.297 +0000",1750699072.297013,-0.064560,-0.222946,-0.881134
"2025-06-23 17:17:52.307 +0000",1750699072.307084,-0.021179,-0.206253,-0.885422
"2025-06-23 17:17:52.317 +0000",1750699072.317152,-0.017868,-0.256592,-0.953690
"2025-06-23 17:17:52.327 +0000",1750699072.327222,-0.026672,-0.308090,-1.048645
"2025-06-23 17:17:52.337 +0000",1750699072.337292,-0.038300,-0.286331,-1.139648
"2025-06-23 17:17:52.347 +0000",1750699072.347362,-0.075592,-0.213608,-1.175095
"2025-06-23 17:17:52.357 +0000",1750699072.357432,-0.135513,-0.151474,-1.154724
"2025-06-23 17:17:52.368 +0000",1750699072.367501,-0.197205,-0.123047,-1.133652
"2025-06-23 17:17:52.378 +0000",1750699072.377571,-0.168655,-0.126099,-1.091400
"2025-06-23 17:17:52.388 +0000",1750699072.387641,-0.034073,-0.226791,-0.990952
"2025-06-23 17:17:52.398 +0000",1750699072.397711,-0.009705,-0.250519,-0.866638
"2025-06-23 17:17:52.408 +0000",1750699072.407780,-0.050766,-0.202774,-0.785873
"2025-06-23 17:17:52.418 +0000",1750699072.417849,-0.117233,-0.210342,-0.838364
"2025-06-23 17:17:52.428 +0000",1750699072.427919,-0.150360,-0.247238,-0.932617
"2025-06-23 17:17:52.438 +0000",1750699072.437988,-0.175186,-0.268860,-1.009537
"2025-06-23 17:17:52.448 +0000",1750699072.448059,-0.216110,-0.280746,-1.002640
"2025-06-23 17:17:52.458 +0000",1750699072.458128,-0.218979,-0.252701,-0.971298
"2025-06-23 17:17:52.468 +0000",1750699072.468198,-0.243805,-0.231873,-0.947296
"2025-06-23 17:17:52.478 +0000",1750699072.478267,-0.259705,-0.259720,-0.913818
"2025-06-23 17:17:52.488 +0000",1750699072.488337,-0.252579,-0.295731,-0.911774
"2025-06-23 17:17:52.498 +0000",1750699072.498407,-0.240463,-0.310760,-0.911285
"2025-06-23 17:17:52.508 +0000",1750699072.508477,-0.227051,-0.300446,-0.887253
"2025-06-23 17:17:52.519 +0000",1750699072.518546,-0.205948,-0.289505,-0.861801
"2025-06-23 17:17:52.529 +0000",1750699072.528615,-0.208206,-0.287872,-0.855759
"2025-06-23 17:17:52.539 +0000",1750699072.538686,-0.224579,-0.283966,-0.860611
"2025-06-23 17:17:52.549 +0000",1750699072.548755,-0.218552,-0.281845,-0.890594
"2025-06-23 17:17:52.559 +0000",1750699072.558825,-0.221725,-0.280243,-0.939697
"2025-06-23 17:17:52.569 +0000",1750699072.568895,-0.259048,-0.279877,-0.963943
"2025-06-23 17:17:52.579 +0000",1750699072.578965,-0.289185,-0.275681,-0.957123
"2025-06-23 17:17:52.589 +0000",1750699072.589035,-0.259323,-0.261185,-0.945358
"2025-06-23 17:17:52.599 +0000",1750699072.599103,-0.203644,-0.259247,-0.924011
"2025-06-23 17:17:52.609 +0000",1750699072.609174,-0.165421,-0.272888,-0.896149
"2025-06-23 17:17:52.619 +0000",1750699072.619244,-0.106949,-0.258362,-0.906982
"2025-06-23 17:17:52.629 +0000",1750699072.629312,-0.072144,-0.240234,-0.921051
"2025-06-23 17:17:52.639 +0000",1750699072.639382,-0.076553,-0.223877,-0.943420
"2025-06-23 17:17:52.649 +0000",1750699072.649452,-0.087051,-0.221008,-0.989487
"2025-06-23 17:17:52.660 +0000",1750699072.659522,-0.095947,-0.225830,-1.000687
"2025-06-23 17:17:52.670 +0000",1750699072.669590,-0.120407,-0.233276,-0.969818
"2025-06-23 17:17:52.680 +0000",1750699072.679661,-0.130371,-0.236603,-0.961334
"2025-06-23 17:17:52.690 +0000",1750699072.689730,-0.129715,-0.244797,-0.940704
"2025-06-23 17:17:52.700 +0000",1750699072.699801,-0.127441,-0.254898,-0.923798
"2025-06-23 17:17:52.710 +0000",1750699072.709870,-0.154510,-0.267334,-0.924652
"2025-06-23 17:17:52.720 +0000",1750699072.719940,-0.214081,-0.300613,-0.926559
"2025-06-23 17:17:52.730 +0000",1750699072.730010,-0.223526,-0.291794,-0.942703
"2025-06-23 17:17:52.740 +0000",1750699072.740079,-0.191162,-0.283707,-0.965836
"2025-06-23 17:17:52.750 +0000",1750699072.750148,-0.149811,-0.296646,-0.995193
"2025-06-23 17:17:52.760 +0000",1750699072.760219,-0.104752,-0.290146,-1.010818
"2025-06-23 17:17:52.770 +0000",1750699072.770288,-0.062119,-0.276581,-1.008942
"2025-06-23 17:17:52.780 +0000",1750699072.780359,-0.032410,-0.258194,-1.001465
"2025-06-23 17:17:52.790 +0000",1750699072.790427,-0.006226,-0.221939,-1.005173
"2025-06-23 17:17:52.800 +0000",1750699072.800497,0.015610,-0.184921,-1.025330
"2025-06-23 17:17:52.811 +0000",1750699072.810567,0.009811,-0.180389,-1.046371
"2025-06-23 17:17:52.821 +0000",1750699072.820636,-0.026688,-0.218750,-1.066452
"2025-06-23 17:17:52.831 +0000",1750699072.830706,-0.073730,-0.269547,-1.093781
"2025-06-23 17:17:52.841 +0000",1750699072.840776,-0.101685,-0.292587,-1.092346
"2025-06-23 17:17:52.851 +0000",1750699072.850845,-0.108414,-0.298737,-1.061340
"2025-06-23 17:17:52.861 +0000",1750699072.860914,-0.089813,-0.302795,-1.026520
"2025-06-23 17:17:52.871 +0000",1750699072.870985,-0.058929,-0.285263,-0.992783
"2025-06-23 17:17:52.881 +0000",1750699072.881055,-0.037796,-0.276718,-0.968781
"2025-06-23 17:17:52.891 +0000",1750699072.891125,-0.025848,-0.286484,-0.957428
"2025-06-23 17:17:52.901 +0000",1750699072.901193,-0.012451,-0.298706,-0.959305
"2025-06-23 17:17:52.911 +0000",1750699072.911263,0.009232,-0.292908,-0.972412
"2025-06-23 17:17:52.921 +0000",1750699072.921333,0.027298,-0.284317,-0.992722
"2025-06-23 17:17:52.931 +0000",1750699072.931403,0.036819,-0.266861,-1.008163
"2025-06-23 17:17:52.941 +0000",1750699072.941473,0.041458,-0.265427,-0.994049
"2025-06-23 17:17:52.952 +0000",1750699072.951542,0.013229,-0.301590,-0.940567
"2025-06-23 17:17:52.962 +0000",1750699072.961612,-0.029633,-0.333801,-0.901474
"2025-06-23 17:17:52.972 +0000",1750699072.971681,-0.023071,-0.321564,-0.889740
"2025-06-23 17:17:52.982 +0000",1750699072.981751,-0.005066,-0.296570,-0.894943
"2025-06-23 17:17:52.992 +0000",1750699072.991821,0.012497,-0.266769,-0.915649
"2025-06-23 17:17:53.002 +0000",1750699073.001891,0.058594,-0.234741,-0.952332
"2025-06-23 17:17:53.012 +0000",1750699073.011961,0.073502,-0.224319,-1.002563
"2025-06-23 17:17:53.022 +0000",1750699073.022030,0.082916,-0.224350,-1.015778
"2025-06-23 17:17:53.032 +0000",1750699073.032100,0.055771,-0.221115,-1.012238
"2025-06-23 17:17:53.042 +0000",1750699073.042170,0.013168,-0.236328,-1.012390
"2025-06-23 17:17:53.052 +0000",1750699073.052239,-0.042831,-0.249268,-1.010086
"2025-06-23 17:17:53.062 +0000",1750699073.062308,-0.083908,-0.274841,-0.971725
"2025-06-23 17:17:53.072 +0000",1750699073.072379,-0.097580,-0.326233,-0.929611
"2025-06-23 17:17:53.082 +0000",1750699073.082449,-0.111542,-0.332809,-0.906036
"2025-06-23 17:17:53.093 +0000",1750699073.092522,-0.122253,-0.327866,-0.926163
"2025-06-23 17:17:53.103 +0000",1750699073.102588,-0.150208,-0.319672,-0.998932
"2025-06-23 17:17:53.113 +0000",1750699073.112658,-0.163956,-0.314377,-1.069290
"2025-06-23 17:17:53.123 +0000",1750699073.122728,-0.193695,-0.323608,-1.121994
"2025-06-23 17:17:53.133 +0000",1750699073.132797,-0.235336,-0.320435,-1.142990
"2025-06-23 17:17:53.143 +0000",1750699073.142867,-0.247971,-0.324280,-1.120926
"2025-06-23 17:17:53.153 +0000",1750699073.152937,-0.282608,-0.360260,-1.051865
"2025-06-23 17:17:53.163 +0000",1750699073.163006,-0.281525,-0.461700,-0.960953
"2025-06-23 17:17:53.173 +0000",1750699073.173075,-0.277771,-0.460190,-0.791656
"2025-06-23 17:17:53.183 +0000",1750699073.183146,-0.281052,-0.292099,-0.390701
"2025-06-23 17:17:53.193 +0000",1750699073.193215,-0.100861,-0.134613,-0.203110
"2025-06-23 17:17:53.203 +0000",1750699073.203285,0.150543,-0.048660,-0.144791
"2025-06-23 17:17:53.213 +0000",1750699073.213355,0.155624,-0.172882,-0.454712
"2025-06-23 17:17:53.223 +0000",1750699073.223424,-0.070404,-0.200882,-0.883591
"2025-06-23 17:17:53.233 +0000",1750699073.233495,-0.186600,-0.266617,-1.015594
"2025-06-23 17:17:53.244 +0000",1750699073.243563,-0.192032,-0.391190,-0.941971
"2025-06-23 17:17:53.254 +0000",1750699073.253633,-0.228455,-0.470459,-0.849396
"2025-06-23 17:17:53.264 +0000",1750699073.263704,-0.360352,-0.363449,-0.689209
"2025-06-23 17:17:53.274 +0000",1750699073.273773,-0.514755,-0.128601,-0.441849
"2025-06-23 17:17:53.284 +0000",1750699073.283842,-0.510742,0.049667,-0.414505
"2025-06-23 17:17:53.294 +0000",1750699073.293913,-0.391861,0.124817,-0.417313
"2025-06-23 17:17:53.304 +0000",1750699073.303982,-0.173340,0.093613,-0.422546
"2025-06-23 17:17:53.314 +0000",1750699073.314050,-0.094650,0.091217,-0.296555
"2025-06-23 17:17:53.324 +0000",1750699073.324121,-0.023392,0.233551,-0.122620
"2025-06-23 17:17:53.334 +0000",1750699073.334191,0.228302,0.082840,-0.025467
"2025-06-23 17:17:53.344 +0000",1750699073.344261,0.644135,-0.173508,-0.030304
"2025-06-23 17:17:53.354 +0000",1750699073.354329,0.941406,-0.294022,0.017822
"2025-06-23 17:17:53.364 +0000",1750699073.364400,0.838684,-0.204712,0.257065
"2025-06-23 17:17:53.374 +0000",1750699073.374470,0.755676,-0.013321,0.414566
"2025-06-23 17:17:53.385 +0000",1750699073.384540,0.760635,0.186203,0.381943
"2025-06-23 17:17:53.395 +0000",1750699073.394609,0.639008,0.488403,0.198792
"2025-06-23 17:17:53.405 +0000",1750699073.404678,0.485321,0.905045,0.031479
"2025-06-23 17:17:53.415 +0000",1750699073.414748,0.483658,1.015869,0.143005
"2025-06-23 17:17:53.425 +0000",1750699073.424818,0.319260,1.067352,0.313293
"2025-06-23 17:17:53.435 +0000",1750699073.434887,-0.195953,1.094849,0.262299
"2025-06-23 17:17:53.445 +0000",1750699073.444956,-0.615707,1.167450,0.208405
"2025-06-23 17:17:53.455 +0000",1750699073.455026,-0.871567,1.255844,0.197220
"2025-06-23 17:17:53.465 +0000",1750699073.465096,-1.017166,1.369949,0.138336
"2025-06-23 17:17:53.475 +0000",1750699073.475165,-1.161301,1.451065,0.062866
"2025-06-23 17:17:53.485 +0000",1750699073.485235,-1.431015,1.409561,-0.004761
"2025-06-23 17:17:53.495 +0000",1750699073.495305,-1.791992,1.294205,0.005295
"2025-06-23 17:17:53.505 +0000",1750699073.505374,-2.120987,1.231400,0.143738
"2025-06-23 17:17:53.515 +0000",1750699073.515444,-2.294907,1.365768,0.279800
"2025-06-23 17:17:53.526 +0000",1750699073.525514,-2.059982,1.521469,0.408905
"2025-06-23 17:17:53.536 +0000",1750699073.535583,-1.733566,1.675690,0.527924
"2025-06-23 17:17:53.546 +0000",1750699073.545653,-1.718185,1.876434,0.537338
"2025-06-23 17:17:53.556 +0000",1750699073.555723,-2.011887,2.026108,0.516449
"2025-06-23 17:17:53.566 +0000",1750699073.565793,-2.445923,2.012192,0.459930
"2025-06-23 17:17:53.576 +0000",1750699073.575864,-2.707703,1.876022,0.403183
"2025-06-23 17:17:53.586 +0000",1750699073.585932,-2.779221,1.633362,0.379532
"2025-06-23 17:17:53.596 +0000",1750699073.596002,-2.840454,1.478226,0.394257
"2025-06-23 17:17:53.606 +0000",1750699073.606071,-2.805069,1.314346,0.466095
"2025-06-23 17:17:53.616 +0000",1750699073.616141,-2.714737,1.156738,0.646378
"2025-06-23 17:17:53.626 +0000",1750699073.626210,-2.510147,1.144409,0.928223
"2025-06-23 17:17:53.636 +0000",1750699073.636281,-2.521545,0.832520,0.887207
"2025-06-23 17:17:53.646 +0000",1750699073.646350,-2.645081,0.445175,0.651077
"2025-06-23 17:17:53.656 +0000",1750699073.656420,-2.657227,0.177673,0.476044
"2025-06-23 17:17:53.666 +0000",1750699073.666490,-2.419174,0.117340,0.356537
"2025-06-23 17:17:53.677 +0000",1750699073.676559,-2.130646,0.127151,0.434616
"2025-06-23 17:17:53.687 +0000",1750699073.686629,-1.886337,0.227493,0.618256
"2025-06-23 17:17:53.697 +0000",1750699073.696698,-1.533783,0.367081,0.829559
"2025-06-23 17:17:53.707 +0000",1750699073.706768,-1.115128,0.546997,0.923538
"2025-06-23 17:17:53.717 +0000",1750699073.716838,-0.790863,0.754089,0.810562
"2025-06-23 17:17:53.727 +0000",1750699073.726907,-0.590332,0.886505,0.653885
"2025-06-23 17:17:53.737 +0000",1750699073.736977,-0.487915,0.956314,0.266022
"2025-06-23 17:17:53.747 +0000",1750699073.747046,-0.460114,0.983353,-0.151779
"2025-06-23 17:17:53.757 +0000",1750699073.757117,-0.344711,1.039246,-0.115143
"2025-06-23 17:17:53.767 +0000",1750699073.767187,-0.262589,1.128174,-0.012878
"2025-06-23 17:17:53.777 +0000",1750699073.777255,-0.335220,1.160873,0.086166
"2025-06-23 17:17:53.787 +0000",1750699073.787325,-0.535812,1.103058,0.136612
"2025-06-23 17:17:53.797 +0000",1750699073.797395,-0.692230,1.101105,0.129364
"2025-06-23 17:17:53.807 +0000",1750699073.807465,-0.819794,1.096527,0.058502
"2025-06-23 17:17:53.818 +0000",1750699073.817535,-0.901749,1.037079,0.038849
"2025-06-23 17:17:53.828 +0000",1750699073.827604,-0.969986,0.978302,0.092545
"2025-06-23 17:17:53.838 +0000",1750699073.837675,-1.042633,1.023239,-0.106720
"2025-06-23 17:17:53.848 +0000",1750699073.847744,-1.065735,0.995911,-0.271835
"2025-06-23 17:17:53.858 +0000",1750699073.857813,-0.974457,0.913025,-0.258484
"2025-06-23 17:17:53.868 +0000",1750699073.867883,-0.940308,0.914352,-0.139633
"2025-06-23 17:17:53.878 +0000",1750699073.877953,-1.063614,0.946030,-0.071274
"2025-06-23 17:17:53.888 +0000",1750699073.888022,-1.047150,0.907303,-0.022552
"2025-06-23 17:17:53.898 +0000",1750699073.898092,-0.934555,0.829697,0.068985
"2025-06-23 17:17:53.908 +0000",1750699073.908161,-0.964951,0.856949,-0.055176
"2025-06-23 17:17:53.918 +0000",1750699073.918231,-0.860291,0.867676,-0.242447
"2025-06-23 17:17:53.928 +0000",1750699073.928301,-0.775223,0.812531,-0.421127
"2025-06-23 17:17:53.938 +0000",1750699073.938371,-0.792068,0.805649,-0.620071
"2025-06-23 17:17:53.948 +0000",1750699073.948441,-0.892548,0.827179,-0.785919
"2025-06-23 17:17:53.959 +0000",1750699073.958510,-0.879181,0.735245,-0.871109
"2025-06-23 17:17:53.969 +0000",1750699073.968580,-0.881958,0.605499,-0.831238
"2025-06-23 17:17:53.979 +0000",1750699073.978649,-0.730804,0.345810,-0.387680
"2025-06-23 17:17:53.989 +0000",1750699073.988720,-0.905853,0.233871,-0.245148
"2025-06-23 17:17:53.999 +0000",1750699073.998788,-1.145935,0.367325,-0.984756
"2025-06-23 17:17:54.009 +0000",1750699074.008858,-0.750458,0.342743,-1.197159
"2025-06-23 17:17:54.019 +0000",1750699074.018928,-0.602051,0.329300,-1.134155
"2025-06-23 17:17:54.029 +0000",1750699074.028998,-0.249695,0.322418,-0.467941
"2025-06-23 17:17:54.039 +0000",1750699074.039068,-0.061691,0.194244,0.283035
"2025-06-23 17:17:54.049 +0000",1750699074.049137,-0.657059,0.136688,-0.572693
"2025-06-23 17:17:54.059 +0000",1750699074.059207,-0.183273,0.311249,-0.478668
"2025-06-23 17:17:54.069 +0000",1750699074.069276,0.020660,0.320465,-0.183167
"2025-06-23 17:17:54.079 +0000",1750699074.079345,0.079727,0.294876,-0.111954
"2025-06-23 17:17:54.089 +0000",1750699074.089415,0.275482,0.287476,0.202255
"2025-06-23 17:17:54.099 +0000",1750699074.099485,0.118591,0.250214,0.109344
"2025-06-23 17:17:54.110 +0000",1750699074.109555,-0.027634,0.314880,0.036545
"2025-06-23 17:17:54.120 +0000",1750699074.119624,-0.168228,0.344849,0.051834
"2025-06-23 17:17:54.130 +0000",1750699074.129694,-0.492737,0.203110,-0.125687
"2025-06-23 17:17:54.140 +0000",1750699074.139765,-0.767593,-0.106918,-0.363358
"2025-06-23 17:17:54.150 +0000",1750699074.149835,-0.546249,0.187408,-0.244125
"2025-06-23 17:17:54.160 +0000",1750699074.159903,-0.592834,0.517075,-0.081207
"2025-06-23 17:17:54.170 +0000",1750699074.169973,-0.704483,0.320663,-0.280350
"2025-06-23 17:17:54.180 +0000",1750699074.180043,-0.669144,0.146057,-0.422653
"2025-06-23 17:17:54.190 +0000",1750699074.190112,-0.706558,0.242355,-0.506119
"2025-06-23 17:17:54.200 +0000",1750699074.200182,-0.710434,0.374603,-0.439713
"2025-06-23 17:17:54.210 +0000",1750699074.210252,-0.672073,0.395233,-0.371933
"2025-06-23 17:17:54.220 +0000",1750699074.220322,-0.700821,0.439606,-0.158737
"2025-06-23 17:17:54.230 +0000",1750699074.230391,-0.618683,0.351624,-0.160828
"2025-06-23 17:17:54.240 +0000",1750699074.240460,-0.581772,0.302505,-0.087784
"2025-06-23 17:17:54.251 +0000",1750699074.250530,-0.565063,0.318390,0.026337
"2025-06-23 17:17:54.261 +0000",1750699074.260600,-0.474716,0.302704,-0.031876
"2025-06-23 17:17:54.271 +0000",1750699074.270669,-0.368286,0.308609,-0.233246
"2025-06-23 17:17:54.281 +0000",1750699074.280740,-0.251083,0.638947,-0.864594
"2025-06-23 17:17:54.291 +0000",1750699074.290810,-0.289139,1.028885,-1.073456
"2025-06-23 17:17:54.301 +0000",1750699074.300879,-0.498352,0.765137,-0.885544
"2025-06-23 17:17:54.311 +0000",1750699074.310948,-0.416656,0.482803,-0.826797
"2025-06-23 17:17:54.321 +0000",1750699074.321018,-0.461685,0.531677,-0.574478
"2025-06-23 17:17:54.331 +0000",1750699074.331088,-0.216034,0.635635,-0.549973
"2025-06-23 17:17:54.341 +0000",1750699074.341158,-0.312180,0.598694,-0.230591
"2025-06-23 17:17:54.351 +0000",1750699074.351226,-0.638733,0.389557,0.085724
"2025-06-23 17:17:54.361 +0000",1750699074.361297,-0.748230,0.194214,0.070389
"2025-06-23 17:17:54.371 +0000",1750699074.371366,-0.322876,0.070007,0.165543
"2025-06-23 17:17:54.381 +0000",1750699074.381436,-0.383682,0.273071,0.112564
"2025-06-23 17:17:54.392 +0000",1750699074.391505,-0.640167,0.516830,-0.211105
"2025-06-23 17:17:54.402 +0000",1750699074.401576,-1.058075,0.586090,-0.578049
"2025-06-23 17:17:54.412 +0000",1750699074.411646,-1.172714,0.571960,-0.717545
"2025-06-23 17:17:54.422 +0000",1750699074.421714,-1.163284,0.441437,-0.550690
"2025-06-23 17:17:54.432 +0000",1750699074.431784,-1.064407,0.184357,-0.188492
"2025-06-23 17:17:54.442 +0000",1750699074.441855,-0.972382,0.104584,0.114761
"2025-06-23 17:17:54.452 +0000",1750699074.451924,-1.058746,0.241150,0.241119
"2025-06-23 17:17:54.462 +0000",1750699074.461993,-1.267609,0.504333,0.244095
"2025-06-23 17:17:54.472 +0000",1750699074.472063,-1.380157,0.695801,0.108444
"2025-06-23 17:17:54.482 +0000",1750699074.482134,-1.332184,0.655594,-0.004227
"2025-06-23 17:17:54.492 +0000",1750699074.492203,-1.220398,0.637970,-0.109497
"2025-06-23 17:17:54.502 +0000",1750699074.502272,-1.038864,0.646530,-0.193542
"2025-06-23 17:17:54.512 +0000",1750699074.512342,-0.991470,0.680038,-0.171753
"2025-06-23 17:17:54.522 +0000",1750699074.522411,-1.070419,0.673630,-0.137833
"2025-06-23 17:17:54.532 +0000",1750699074.532481,-1.255981,0.627945,-0.176910
"2025-06-23 17:17:54.543 +0000",1750699074.542551,-1.586945,0.546173,-0.283142
"2025-06-23 17:17:54.553 +0000",1750699074.552621,-1.908676,0.449448,-0.428207
"2025-06-23 17:17:54.563 +0000",1750699074.562690,-2.040741,0.419540,-0.452652
"2025-06-23 17:17:54.573 +0000",1750699074.572759,-1.761017,0.415649,-0.294357
"2025-06-23 17:17:54.583 +0000",1750699074.582829,-1.411743,0.484985,0.001663
"2025-06-23 17:17:54.593 +0000",1750699074.592899,-1.312729,0.544037,0.242630
"2025-06-23 17:17:54.603 +0000",1750699074.602969,-1.469406,0.565582,0.520920
"2025-06-23 17:17:54.613 +0000",1750699074.613031,-1.590988,0.654739,0.610306
"2025-06-23 17:17:54.623 +0000",1750699074.623099,-1.401535,0.707840,0.456665
"2025-06-23 17:17:54.633 +0000",1750699074.633170,-1.133102,0.863068,0.620026
"2025-06-23 17:17:54.643 +0000",1750699074.643239,-0.942001,1.049438,0.800613
"2025-06-23 17:17:54.653 +0000",1750699074.653308,-0.783981,1.019394,0.826950
"2025-06-23 17:17:54.663 +0000",1750699074.663378,-0.637070,0.996521,0.793640
"2025-06-23 17:17:54.673 +0000",1750699074.673448,-0.985001,0.890793,0.403488
"2025-06-23 17:17:54.684 +0000",1750699074.683518,-1.256668,0.922943,0.070786
"2025-06-23 17:17:54.694 +0000",1750699074.693587,-1.336716,0.831268,-0.205978
"2025-06-23 17:17:54.704 +0000",1750699074.703657,-1.152603,0.747498,-0.546021
"2025-06-23 17:17:54.714 +0000",1750699074.713727,-1.132736,0.840469,-0.798737
"2025-06-23 17:17:54.724 +0000",1750699074.723797,-1.172913,0.996872,-0.847855
"2025-06-23 17:17:54.734 +0000",1750699074.733866,-1.185394,1.077789,-0.837616
"2025-06-23 17:17:54.744 +0000",1750699074.743936,-1.165466,0.917130,-0.850296
"2025-06-23 17:17:54.754 +0000",1750699074.754006,-1.128235,0.780472,-0.737778
"2025-06-23 17:17:54.764 +0000",1750699074.764075,-1.013657,0.832397,-0.687424
"2025-06-23 17:17:54.774 +0000",1750699074.774145,-0.946091,0.817535,-0.689743
"2025-06-23 17:17:54.784 +0000",1750699074.784215,-0.990036,0.677521,-0.597198
"2025-06-23 17:17:54.794 +0000",1750699074.794286,-0.865311,0.586899,-0.632721
"2025-06-23 17:17:54.804 +0000",1750699074.804354,-0.868042,0.606705,-0.745972
"2025-06-23 17:17:54.814 +0000",1750699074.814424,-0.716431,0.375259,-0.617599
"2025-06-23 17:17:54.824 +0000",1750699074.824494,-0.323318,-0.071136,-0.015457
"2025-06-23 17:17:54.835 +0000",1750699074.834564,-0.478378,-0.068665,0.322571
"2025-06-23 17:17:54.845 +0000",1750699074.844633,-0.616547,0.080719,0.319336
"2025-06-23 17:17:54.855 +0000",1750699074.854703,-0.783585,0.385193,-0.032196
"2025-06-23 17:17:54.865 +0000",1750699074.864773,-0.753677,0.661316,-0.520767
"2025-06-23 17:17:54.875 +0000",1750699074.874842,-0.177231,0.502106,-0.806046
"2025-06-23 17:17:54.885 +0000",1750699074.884913,0.078064,0.086838,-0.207565
"2025-06-23 17:17:54.895 +0000",1750699074.894982,-0.235260,-0.118240,0.214920
"2025-06-23 17:17:54.905 +0000",1750699074.905051,-0.414307,-0.131927,0.186386
"2025-06-23 17:17:54.915 +0000",1750699074.915121,-0.503189,-0.128723,-0.064896
"2025-06-23 17:17:54.925 +0000",1750699074.925191,-0.550247,-0.029831,-0.271408
"2025-06-23 17:17:54.935 +0000",1750699074.935261,-0.568741,-0.016434,-0.495972
"2025-06-23 17:17:54.945 +0000",1750699074.945331,-0.449356,-0.263000,-0.488541
"2025-06-23 17:17:54.955 +0000",1750699074.955400,-0.627319,-0.136078,-0.294281
"2025-06-23 17:17:54.965 +0000",1750699074.965470,-0.612213,0.067032,-0.184280
"2025-06-23 17:17:54.976 +0000",1750699074.975540,-0.725357,0.119339,-0.140823
"2025-06-23 17:17:54.986 +0000",1750699074.985610,-0.803055,0.238831,-0.162491
"2025-06-23 17:17:54.996 +0000",1750699074.995679,-0.752533,0.320496,-0.177185
"2025-06-23 17:17:55.006 +0000",1750699075.005749,-1.016296,0.087936,-0.177338
"2025-06-23 17:17:55.016 +0000",1750699075.015819,-0.847519,-0.093353,-0.045639
"2025-06-23 17:17:55.026 +0000",1750699075.025888,-0.578735,0.231674,-0.138351
"2025-06-23 17:17:55.036 +0000",1750699075.035959,-0.711792,0.268280,-0.325638
"2025-06-23 17:17:55.046 +0000",1750699075.046027,-0.737503,0.009140,-0.374802
"2025-06-23 17:17:55.056 +0000",1750699075.056098,-0.813385,-0.000214,-0.749512
"2025-06-23 17:17:55.066 +0000",1750699075.066167,-0.544357,0.061935,-0.757690
"2025-06-23 17:17:55.076 +0000",1750699075.076237,-1.029510,-0.316711,-0.684555
"2025-06-23 17:17:55.086 +0000",1750699075.086307,-1.094482,0.163788,0.582474
"2025-06-23 17:17:55.096 +0000",1750699075.096377,-1.288269,0.230194,-0.548080
"2025-06-23 17:17:55.106 +0000",1750699075.106445,-1.299072,0.071335,-1.322952
"2025-06-23 17:17:55.117 +0000",1750699075.116516,-1.162430,0.160400,-0.798172
"2025-06-23 17:17:55.127 +0000",1750699075.126586,-0.832489,0.418945,-0.599060
"2025-06-23 17:17:55.137 +0000",1750699075.136655,-0.604736,0.350830,-0.464874
"2025-06-23 17:17:55.147 +0000",1750699075.146724,-0.547455,0.048981,-0.119568
"2025-06-23 17:17:55.157 +0000",1750699075.156795,-0.440781,-0.058563,0.294220
"2025-06-23 17:17:55.167 +0000",1750699075.166864,-0.461227,0.085815,0.410828
"2025-06-23 17:17:55.177 +0000",1750699075.176934,-0.509491,0.446487,0.183914
"2025-06-23 17:17:55.187 +0000",1750699075.187003,-0.595840,0.896225,-0.010208
"2025-06-23 17:17:55.197 +0000",1750699075.197073,-0.761673,1.146011,-0.448288
"2025-06-23 17:17:55.207 +0000",1750699075.207144,-0.888702,1.111969,-0.266937
"2025-06-23 17:17:55.217 +0000",1750699075.217212,-0.605545,0.720764,-0.083496
"2025-06-23 17:17:55.227 +0000",1750699075.227283,-0.512955,0.511307,-0.159119
"2025-06-23 17:17:55.237 +0000",1750699075.237353,-0.622681,0.511322,0.000732
"2025-06-23 17:17:55.247 +0000",1750699075.247423,-0.608276,0.348831,0.198151
"2025-06-23 17:17:55.257 +0000",1750699075.257492,-0.565704,0.145950,0.199249
"2025-06-23 17:17:55.268 +0000",1750699075.267562,-0.386475,0.242523,0.130768
"2025-06-23 17:17:55.278 +0000",1750699075.277631,-0.377884,0.382874,0.225311
"2025-06-23 17:17:55.288 +0000",1750699075.287701,-0.499847,0.504044,0.372360
"2025-06-23 17:17:55.298 +0000",1750699075.297771,-0.469131,0.544342,0.342056
"2025-06-23 17:17:55.308 +0000",1750699075.307841,-0.958649,0.625168,0.628052
"2025-06-23 17:17:55.318 +0000",1750699075.317910,-1.830673,0.815002,0.890518
"2025-06-23 17:17:55.328 +0000",1750699075.327980,-1.861603,1.027893,0.774841
"2025-06-23 17:17:55.338 +0000",1750699075.338050,-1.745331,0.964020,0.490387
"2025-06-23 17:17:55.348 +0000",1750699075.348120,-1.478806,0.735397,0.231155
"2025-06-23 17:17:55.358 +0000",1750699075.358190,-1.112747,0.500931,0.100861
"2025-06-23 17:17:55.368 +0000",1750699075.368259,-0.769379,0.324249,0.077545
"2025-06-23 17:17:55.378 +0000",1750699075.378328,-0.487381,0.270615,0.054764
"2025-06-23 17:17:55.388 +0000",1750699075.388399,-0.354904,0.367661,0.109604
"2025-06-23 17:17:55.398 +0000",1750699075.398468,-0.310303,0.362579,0.169266
"2025-06-23 17:17:55.409 +0000",1750699075.408538,-0.207626,0.321060,0.107346
"2025-06-23 17:17:55.419 +0000",1750699075.418608,-0.188156,0.401474,0.013794
"2025-06-23 17:17:55.429 +0000",1750699075.428678,-0.173248,0.514648,-0.064133
"2025-06-23 17:17:55.439 +0000",1750699075.438747,-0.140457,0.666656,-0.119003
"2025-06-23 17:17:55.449 +0000",1750699075.448817,-0.136383,0.739563,-0.167740
"2025-06-23 17:17:55.459 +0000",1750699075.458887,-0.075195,0.706848,-0.223953
"2025-06-23 17:17:55.469 +0000",1750699075.468956,-0.026901,0.583374,-0.276764
"2025-06-23 17:17:55.479 +0000",1750699075.479026,0.027893,0.559998,-0.297363
"2025-06-23 17:17:55.489 +0000",1750699075.489096,0.034058,0.496597,-0.219177
"2025-06-23 17:17:55.499 +0000",1750699075.499166,0.020477,0.399445,-0.132889
"2025-06-23 17:17:55.509 +0000",1750699075.509236,0.011490,0.303741,-0.084946
"2025-06-23 17:17:55.519 +0000",1750699075.519305,0.010269,0.302917,-0.061356
"2025-06-23 17:17:55.529 +0000",1750699075.529374,-0.025192,0.252151,-0.118912
"2025-06-23 17:17:55.539 +0000",1750699075.539445,-0.102020,0.372879,-0.114685
"2025-06-23 17:17:55.550 +0000",1750699075.549513,-0.280029,1.123489,0.137299
"2025-06-23 17:17:55.560 +0000",1750699075.559584,-0.030487,2.264313,0.287292
"2025-06-23 17:17:55.570 +0000",1750699075.569654,0.043137,3.299179,0.191162
"2025-06-23 17:17:55.580 +0000",1750699075.579724,0.117554,4.060364,-0.000595
"2025-06-23 17:17:55.590 +0000",1750699075.589793,0.309067,4.386536,-0.148727
"2025-06-23 17:17:55.600 +0000",1750699075.599863,0.172470,3.980469,-0.247147
"2025-06-23 17:17:55.610 +0000",1750699075.609933,0.005951,3.091827,-0.226852
"2025-06-23 17:17:55.620 +0000",1750699075.620002,0.033478,2.030777,-0.121811
"2025-06-23 17:17:55.630 +0000",1750699075.630072,0.003311,1.324829,-0.080154
"2025-06-23 17:17:55.640 +0000",1750699075.640142,-0.039413,0.814270,-0.132446
"2025-06-23 17:17:55.650 +0000",1750699075.650212,-0.049698,0.457993,-0.190369
"2025-06-23 17:17:55.660 +0000",1750699075.660281,-0.031540,0.347031,-0.152191
"2025-06-23 17:17:55.670 +0000",1750699075.670350,0.010574,0.352173,-0.084641
"2025-06-23 17:17:55.680 +0000",1750699075.680421,0.063248,0.377380,-0.022369
"2025-06-23 17:17:55.690 +0000",1750699075.690491,0.133057,0.427475,0.045029
"2025-06-23 17:17:55.701 +0000",1750699075.700560,0.220093,0.509933,0.187515
"2025-06-23 17:17:55.711 +0000",1750699075.710630,0.358856,0.693298,0.810654
"2025-06-23 17:17:55.721 +0000",1750699075.720700,0.491318,0.971130,1.679169
"2025-06-23 17:17:55.731 +0000",1750699075.730769,0.415558,1.077866,1.105682
"2025-06-23 17:17:55.741 +0000",1750699075.740839,0.299118,1.050385,0.556992
"2025-06-23 17:17:55.751 +0000",1750699075.750908,0.276794,1.028137,0.174820
"2025-06-23 17:17:55.761 +0000",1750699075.760979,0.272995,1.043167,-0.005875
"2025-06-23 17:17:55.771 +0000",1750699075.771047,0.255463,1.063446,-0.083679
"2025-06-23 17:17:55.781 +0000",1750699075.781117,0.210464,1.078262,-0.130798
"2025-06-23 17:17:55.791 +0000",1750699075.791187,0.164795,1.115402,-0.190781
"2025-06-23 17:17:55.801 +0000",1750699075.801258,0.127930,1.143524,-0.258560
"2025-06-23 17:17:55.811 +0000",1750699075.811327,0.095612,1.141769,-0.269958
"2025-06-23 17:17:55.821 +0000",1750699075.821396,0.054382,1.109299,-0.251282
"2025-06-23 17:17:55.831 +0000",1750699075.831467,0.010895,1.068848,-0.218842
"2025-06-23 17:17:55.842 +0000",1750699075.841536,-0.014847,1.037567,-0.199524
"2025-06-23 17:17:55.852 +0000",1750699075.851605,-0.010422,1.014511,-0.192001
"2025-06-23 17:17:55.862 +0000",1750699075.861676,-0.001846,0.998032,-0.187515
"2025-06-23 17:17:55.872 +0000",1750699075.871746,0.003418,0.986099,-0.179047
"2025-06-23 17:17:55.882 +0000",1750699075.881815,-0.000595,0.975647,-0.164917
"2025-06-23 17:17:55.892 +0000",1750699075.891884,-0.002808,0.976028,-0.155472
"2025-06-23 17:17:55.902 +0000",1750699075.901955,-0.000259,0.974838,-0.149628
"2025-06-23 17:17:55.912 +0000",1750699075.912025,-0.003555,0.974380,-0.145493
"2025-06-23 17:17:55.922 +0000",1750699075.922094,-0.007919,0.989624,-0.138351
"2025-06-23 17:17:55.932 +0000",1750699075.932164,-0.020737,1.008774,-0.138596
"2025-06-23 17:17:55.942 +0000",1750699075.942233,-0.043610,1.020569,-0.140808
"2025-06-23 17:17:55.952 +0000",1750699075.952303,-0.070541,1.034882,-0.141815
"2025-06-23 17:17:55.962 +0000",1750699075.962372,-0.097382,1.044479,-0.143097
"2025-06-23 17:17:55.972 +0000",1750699075.972443,-0.120651,1.047318,-0.145325
"2025-06-23 17:17:55.983 +0000",1750699075.982513,-0.138229,1.039276,-0.143463
"2025-06-23 17:17:55.993 +0000",1750699075.992581,-0.154633,1.023483,-0.140610
"2025-06-23 17:17:56.003 +0000",1750699076.002651,-0.163132,1.002472,-0.138794
"2025-06-23 17:17:56.013 +0000",1750699076.012722,-0.167542,0.981705,-0.134613
"2025-06-23 17:17:56.023 +0000",1750699076.022792,-0.166412,0.964493,-0.127823
"2025-06-23 17:17:56.033 +0000",1750699076.032861,-0.159622,0.955688,-0.123367
"2025-06-23 17:17:56.043 +0000",1750699076.042931,-0.152145,0.957886,-0.117676
"2025-06-23 17:17:56.053 +0000",1750699076.053001,-0.153671,0.968048,-0.111359
"2025-06-23 17:17:56.063 +0000",1750699076.063071,-0.153427,0.978287,-0.108170
"2025-06-23 17:17:56.073 +0000",1750699076.073141,-0.140076,0.986832,-0.103241
"2025-06-23 17:17:56.083 +0000",1750699076.083210,-0.124573,0.992126,-0.102753
"2025-06-23 17:17:56.093 +0000",1750699076.093280,-0.109207,0.995041,-0.103958
"2025-06-23 17:18:50.757 +0000",1750699130.757224,-0.097122,0.996902,-0.112061
"2025-06-23 17:18:50.767 +0000",1750699130.767294,-0.088791,0.984802,-0.114319
"2025-06-23 17:18:50.777 +0000",1750699130.777363,-0.092468,0.956955,-0.106079
"2025-06-23 17:18:50.787 +0000",1750699130.787434,-0.114120,0.931808,-0.134857
"2025-06-23 17:18:50.798 +0000",1750699130.797503,-0.153473,0.921326,-0.290405
"2025-06-23 17:18:50.808 +0000",1750699130.807572,-0.198563,0.927231,-0.443512
"2025-06-23 17:18:50.818 +0000",1750699130.817643,-0.120728,1.018433,-0.261414
"2025-06-23 17:18:50.828 +0000",1750699130.827713,-0.088715,1.025269,-0.254532
"2025-06-23 17:18:50.838 +0000",1750699130.837781,-0.066528,1.036880,-0.255493
"2025-06-23 17:18:50.848 +0000",1750699130.847852,-0.022156,1.056107,-0.205078
"2025-06-23 17:18:50.858 +0000",1750699130.857922,0.022903,1.065140,-0.139694
"2025-06-23 17:18:50.868 +0000",1750699130.867991,0.065033,1.060455,-0.064346
"2025-06-23 17:18:50.878 +0000",1750699130.878061,0.103561,1.038589,0.008301
"2025-06-23 17:18:50.888 +0000",1750699130.888131,0.130188,1.000854,0.066452
"2025-06-23 17:18:50.898 +0000",1750699130.898201,0.156113,0.957687,0.092850
"2025-06-23 17:18:50.908 +0000",1750699130.908270,0.196518,0.920029,0.079056
"2025-06-23 17:18:50.918 +0000",1750699130.918339,0.209808,0.966034,0.048584
"2025-06-23 17:18:50.928 +0000",1750699130.928409,0.139252,1.073090,0.025604
"2025-06-23 17:18:50.938 +0000",1750699130.938480,0.035583,1.081207,0.008423
"2025-06-23 17:18:50.949 +0000",1750699130.948548,-0.224289,0.979507,-0.058716
"2025-06-23 17:18:50.959 +0000",1750699130.958618,-0.304489,0.915482,-0.069107
"2025-06-23 17:18:50.969 +0000",1750699130.968689,-0.187241,0.929169,-0.062347
"2025-06-23 17:18:50.979 +0000",1750699130.978758,-0.171753,0.923111,-0.124039
"2025-06-23 17:18:50.989 +0000",1750699130.988828,-0.095734,0.924530,-0.128876
"2025-06-23 17:18:50.999 +0000",1750699130.998898,-0.052689,0.953384,-0.100464
"2025-06-23 17:18:51.009 +0000",1750699131.008968,-0.115662,1.010254,-0.116974
"2025-06-23 17:18:51.019 +0000",1750699131.019037,-0.310333,1.051712,-0.199188
"2025-06-23 17:18:51.029 +0000",1750699131.029106,-0.381577,0.982025,-0.096497
"2025-06-23 17:18:51.039 +0000",1750699131.039177,-0.393921,0.950348,-0.099426
"2025-06-23 17:18:51.049 +0000",1750699131.049247,-0.397888,0.942978,-0.190262
"2025-06-23 17:18:51.059 +0000",1750699131.059316,-0.354935,0.939697,-0.282547
"2025-06-23 17:18:51.069 +0000",1750699131.069386,-0.288727,0.947464,-0.407745
"2025-06-23 17:18:51.079 +0000",1750699131.079455,-0.201340,0.960373,-0.513031
"2025-06-23 17:18:51.090 +0000",1750699131.089526,-0.131760,0.968048,-0.537949
"2025-06-23 17:18:51.100 +0000",1750699131.099594,-0.076416,0.956558,-0.515427
"2025-06-23 17:18:51.110 +0000",1750699131.109665,0.016464,0.918793,-0.497025
"2025-06-23 17:18:51.120 +0000",1750699131.119735,0.118042,0.885712,-0.453278
"2025-06-23 17:18:51.130 +0000",1750699131.129803,0.190445,0.881897,-0.376434
"2025-06-23 17:18:51.140 +0000",1750699131.139875,0.186157,0.901627,-0.291977
"2025-06-23 17:18:51.150 +0000",1750699131.149944,0.150299,0.877213,-0.220322
"2025-06-23 17:18:51.160 +0000",1750699131.160014,0.129913,0.874588,-0.110992
"2025-06-23 17:18:51.170 +0000",1750699131.170083,0.090073,0.950211,-0.001068
"2025-06-23 17:18:51.180 +0000",1750699131.180153,0.028305,1.044495,0.071213
"2025-06-23 17:18:51.190 +0000",1750699131.190223,-0.027740,1.103790,0.096176
"2025-06-23 17:18:51.200 +0000",1750699131.200292,-0.099976,1.146027,0.074295
"2025-06-23 17:18:51.210 +0000",1750699131.210361,-0.169708,1.173126,0.035492
"2025-06-23 17:18:51.220 +0000",1750699131.220432,-0.251740,1.109421,-0.124191
"2025-06-23 17:18:51.231 +0000",1750699131.230502,-0.336166,1.039764,-0.282135
"2025-06-23 17:18:51.241 +0000",1750699131.240571,-0.398895,1.018524,-0.370071
"2025-06-23 17:18:51.251 +0000",1750699131.250641,-0.418961,1.012512,-0.443054
"2025-06-23 17:18:51.261 +0000",1750699131.260711,-0.397278,0.999420,-0.447891
"2025-06-23 17:18:51.271 +0000",1750699131.270781,-0.343491,1.004547,-0.386536
"2025-06-23 17:18:51.281 +0000",1750699131.280850,-0.278687,1.018097,-0.319077
"2025-06-23 17:18:51.291 +0000",1750699131.290920,-0.226837,0.996567,-0.256851
"2025-06-23 17:18:51.301 +0000",1750699131.300990,-0.192642,0.940994,-0.208023
"2025-06-23 17:18:51.311 +0000",1750699131.311060,-0.192871,0.910217,-0.128204
"2025-06-23 17:18:51.321 +0000",1750699131.321129,-0.155884,0.879974,-0.068405
"2025-06-23 17:18:51.331 +0000",1750699131.331199,-0.116364,0.846024,-0.032730
"2025-06-23 17:18:51.341 +0000",1750699131.341269,-0.098587,0.821136,-0.036972
"2025-06-23 17:18:51.351 +0000",1750699131.351338,-0.081161,0.836182,-0.084381
"2025-06-23 17:18:51.361 +0000",1750699131.361408,-0.064117,0.875900,-0.168533
"2025-06-23 17:18:51.371 +0000",1750699131.371478,-0.064362,0.909317,-0.251816
"2025-06-23 17:18:51.382 +0000",1750699131.381547,-0.077759,0.930771,-0.316696
"2025-06-23 17:18:51.392 +0000",1750699131.391617,-0.090622,0.935608,-0.352921
"2025-06-23 17:18:51.402 +0000",1750699131.401687,-0.092758,0.928513,-0.360825
"2025-06-23 17:18:51.412 +0000",1750699131.411757,-0.117310,0.935303,-0.347351
"2025-06-23 17:18:51.422 +0000",1750699131.421826,-0.149658,0.948044,-0.336823
"2025-06-23 17:18:51.432 +0000",1750699131.431896,-0.171524,0.955261,-0.324020
"2025-06-23 17:18:51.442 +0000",1750699131.441966,-0.187408,0.965271,-0.300156
"2025-06-23 17:18:51.452 +0000",1750699131.452036,-0.201431,0.976654,-0.261200
"2025-06-23 17:18:51.462 +0000",1750699131.462107,-0.197250,0.972931,-0.221008
"2025-06-23 17:18:51.472 +0000",1750699131.472175,-0.172546,0.965332,-0.166321
"2025-06-23 17:18:51.482 +0000",1750699131.482245,-0.148743,0.977020,-0.102966
"2025-06-23 17:18:51.492 +0000",1750699131.492314,-0.116165,0.954102,-0.060028
"2025-06-23 17:18:51.502 +0000",1750699131.502385,-0.094376,0.917358,-0.035995
"2025-06-23 17:18:51.512 +0000",1750699131.512453,-0.095444,0.931442,-0.026199
"2025-06-23 17:18:51.523 +0000",1750699131.522524,-0.099564,0.959564,-0.015121
"2025-06-23 17:18:51.533 +0000",1750699131.532594,-0.112259,0.971893,-0.041031
"2025-06-23 17:18:51.543 +0000",1750699131.542663,-0.115524,0.990234,-0.092590
"2025-06-23 17:18:51.553 +0000",1750699131.552732,-0.111679,1.009201,-0.137222
"2025-06-23 17:18:51.563 +0000",1750699131.562803,-0.114914,1.028275,-0.166016
"2025-06-23 17:18:51.573 +0000",1750699131.572873,-0.118073,1.053314,-0.189560
"2025-06-23 17:18:51.583 +0000",1750699131.582942,-0.110016,1.074905,-0.203796
"2025-06-23 17:18:51.593 +0000",1750699131.593012,-0.102631,1.075241,-0.199402
"2025-06-23 17:18:51.603 +0000",1750699131.603082,-0.111893,1.056808,-0.194824
"2025-06-23 17:18:51.613 +0000",1750699131.613152,-0.132401,1.045303,-0.180435
"2025-06-23 17:18:51.623 +0000",1750699131.623221,-0.161438,1.041916,-0.162598
"2025-06-23 17:18:51.633 +0000",1750699131.633291,-0.155457,1.020828,-0.133194
"2025-06-23 17:18:51.643 +0000",1750699131.643361,-0.176132,1.016037,-0.135925
"2025-06-23 17:18:51.653 +0000",1750699131.653430,-0.228867,1.036163,-0.155899
"2025-06-23 17:18:51.663 +0000",1750699131.663500,-0.249725,1.033463,-0.179489
"2025-06-23 17:18:51.674 +0000",1750699131.673570,-0.253830,1.026764,-0.192413
"2025-06-23 17:18:51.684 +0000",1750699131.683640,-0.233398,1.022552,-0.192490
"2025-06-23 17:18:51.694 +0000",1750699131.693709,-0.195084,1.007629,-0.181351
"2025-06-23 17:18:51.704 +0000",1750699131.703778,-0.187943,1.019226,-0.149811
"2025-06-23 17:18:51.714 +0000",1750699131.713849,-0.203888,1.087479,-0.114548
"2025-06-23 17:18:51.724 +0000",1750699131.723917,-0.264893,1.151428,-0.068863
"2025-06-23 17:18:51.734 +0000",1750699131.733986,-0.326538,1.210236,-0.035172
"2025-06-23 17:18:51.744 +0000",1750699131.744057,-0.363510,1.235916,-0.025360
"2025-06-23 17:18:51.754 +0000",1750699131.754127,-0.398209,1.278793,0.004623
"2025-06-23 17:18:51.764 +0000",1750699131.764195,-0.449875,1.276367,0.020477
"2025-06-23 17:18:51.774 +0000",1750699131.774266,-0.500183,1.277374,0.088730
"2025-06-23 17:18:51.784 +0000",1750699131.784335,-0.554306,1.261017,0.154114
"2025-06-23 17:18:51.794 +0000",1750699131.794406,-0.594467,1.223801,0.210083
"2025-06-23 17:18:51.804 +0000",1750699131.804475,-0.671494,1.200790,0.265198
"2025-06-23 17:18:51.815 +0000",1750699131.814545,-0.684860,1.149765,0.322128
"2025-06-23 17:18:51.825 +0000",1750699131.824615,-0.634933,1.153015,0.398422
"2025-06-23 17:18:51.835 +0000",1750699131.834685,-0.516464,1.129654,0.397461
"2025-06-23 17:18:51.845 +0000",1750699131.844753,-0.374771,1.122635,0.314056
"2025-06-23 17:18:51.855 +0000",1750699131.854824,-0.293030,1.145920,0.179779
"2025-06-23 17:18:51.865 +0000",1750699131.864893,-0.256882,1.164230,0.076660
"2025-06-23 17:18:51.875 +0000",1750699131.874963,-0.256271,1.221634,0.005035
"2025-06-23 17:18:51.885 +0000",1750699131.885032,-0.252243,1.320572,-0.066101
"2025-06-23 17:18:51.895 +0000",1750699131.895103,-0.234482,1.409531,-0.120270
"2025-06-23 17:18:51.905 +0000",1750699131.905172,-0.184631,1.402557,-0.198654
"2025-06-23 17:18:51.915 +0000",1750699131.915242,-0.129837,1.314926,-0.245743
"2025-06-23 17:18:51.925 +0000",1750699131.925312,-0.066940,1.215225,-0.247437
"2025-06-23 17:18:51.935 +0000",1750699131.935381,-0.010788,1.131714,-0.293442
"2025-06-23 17:18:51.945 +0000",1750699131.945451,0.057648,1.090271,-0.336746
"2025-06-23 17:18:51.956 +0000",1750699131.955521,0.132339,1.063568,-0.377518
"2025-06-23 17:18:51.966 +0000",1750699131.965591,0.214081,1.053543,-0.409927
"2025-06-23 17:18:51.976 +0000",1750699131.975661,0.258392,1.045731,-0.391235
"2025-06-23 17:18:51.986 +0000",1750699131.985731,0.305695,1.044281,-0.351913
"2025-06-23 17:18:51.996 +0000",1750699131.995800,0.333862,1.035675,-0.240646
"2025-06-23 17:18:52.006 +0000",1750699132.005870,0.284607,1.013336,-0.071823
"2025-06-23 17:18:52.016 +0000",1750699132.015940,0.138306,0.959045,0.112640
"2025-06-23 17:18:52.026 +0000",1750699132.026009,-0.004761,0.886536,0.253387
"2025-06-23 17:18:52.036 +0000",1750699132.036079,-0.111359,0.820740,0.254959
"2025-06-23 17:18:52.046 +0000",1750699132.046148,-0.183197,0.789261,0.145706
"2025-06-23 17:18:52.056 +0000",1750699132.056219,-0.241623,0.791809,-0.004303
"2025-06-23 17:18:52.066 +0000",1750699132.066287,-0.282684,0.797256,-0.142075
"2025-06-23 17:18:52.076 +0000",1750699132.076358,-0.299088,0.808014,-0.192047
"2025-06-23 17:18:52.086 +0000",1750699132.086428,-0.327759,0.792526,-0.176178
"2025-06-23 17:18:52.096 +0000",1750699132.096498,-0.353516,0.763962,-0.138840
"2025-06-23 17:18:52.107 +0000",1750699132.106567,-0.367462,0.731110,-0.109985
"2025-06-23 17:18:52.117 +0000",1750699132.116636,-0.351395,0.695160,-0.098709
"2025-06-23 17:18:52.127 +0000",1750699132.126706,-0.296478,0.670898,-0.105835
"2025-06-23 17:18:52.137 +0000",1750699132.136775,-0.195312,0.673279,-0.108475
"2025-06-23 17:18:52.147 +0000",1750699132.146845,-0.057144,0.681549,-0.104477
"2025-06-23 17:18:52.157 +0000",1750699132.156915,0.048126,0.674164,-0.094330
"2025-06-23 17:18:52.167 +0000",1750699132.166986,0.113846,0.661118,-0.059875
"2025-06-23 17:18:52.177 +0000",1750699132.177055,0.159439,0.651169,-0.032974
"2025-06-23 17:18:52.187 +0000",1750699132.187124,0.209930,0.653946,-0.034119
"2025-06-23 17:18:52.197 +0000",1750699132.197195,0.255737,0.655029,-0.068420
"2025-06-23 17:18:52.207 +0000",1750699132.207265,0.271378,0.644257,-0.102310
"2025-06-23 17:18:52.217 +0000",1750699132.217333,0.276154,0.622330,-0.136444
"2025-06-23 17:18:52.227 +0000",1750699132.227404,0.279480,0.594467,-0.136017
"2025-06-23 17:18:52.237 +0000",1750699132.237473,0.275299,0.570786,-0.136368
"2025-06-23 17:18:52.248 +0000",1750699132.247544,0.266327,0.550308,-0.139999
"2025-06-23 17:18:52.258 +0000",1750699132.257612,0.275513,0.550034,-0.128769
"2025-06-23 17:18:52.268 +0000",1750699132.267683,0.279053,0.591431,-0.095016
"2025-06-23 17:18:52.278 +0000",1750699132.277753,0.218475,0.689468,-0.086746
"2025-06-23 17:18:52.288 +0000",1750699132.287821,0.159409,0.824692,0.040604
"2025-06-23 17:18:52.298 +0000",1750699132.297892,0.044037,1.035645,0.406143
"2025-06-23 17:18:52.308 +0000",1750699132.307961,-0.324249,1.387085,1.104080
"2025-06-23 17:18:52.318 +0000",1750699132.318032,-0.932495,1.881058,1.760620
"2025-06-23 17:18:52.328 +0000",1750699132.328100,-1.301315,2.156830,1.331589
"2025-06-23 17:18:52.338 +0000",1750699132.338171,-1.512680,2.001404,0.535736
"2025-06-23 17:18:52.348 +0000",1750699132.348241,-1.568542,1.766663,0.210327
"2025-06-23 17:18:52.358 +0000",1750699132.358310,-1.534393,1.536453,0.171402
"2025-06-23 17:18:52.368 +0000",1750699132.368380,-1.484146,1.135590,0.276550
"2025-06-23 17:18:52.378 +0000",1750699132.378449,-1.107300,0.792877,0.334122
"2025-06-23 17:18:52.389 +0000",1750699132.388520,-0.726410,0.813461,0.261078
"2025-06-23 17:18:52.399 +0000",1750699132.398588,-0.429565,1.145508,0.166595
"2025-06-23 17:18:52.409 +0000",1750699132.408659,-0.157242,1.323410,0.008820
"2025-06-23 17:18:52.419 +0000",1750699132.418729,0.069321,1.467545,-0.121368
"2025-06-23 17:18:52.429 +0000",1750699132.428798,0.241592,1.494400,-0.151199
"2025-06-23 17:18:52.439 +0000",1750699132.438867,0.327713,1.325577,-0.226349
"2025-06-23 17:18:52.449 +0000",1750699132.448937,0.330276,1.188263,-0.345383
"2025-06-23 17:18:52.459 +0000",1750699132.459007,0.281586,1.151855,-0.383850
"2025-06-23 17:18:52.469 +0000",1750699132.469078,0.198990,1.109009,-0.378967
"2025-06-23 17:18:52.479 +0000",1750699132.479147,0.057953,0.958298,-0.428925
"2025-06-23 17:18:52.489 +0000",1750699132.489216,-0.023300,0.814804,-0.411133
"2025-06-23 17:18:52.499 +0000",1750699132.499286,-0.038284,0.791840,-0.333267
"2025-06-23 17:18:52.509 +0000",1750699132.509357,-0.048386,0.772034,-0.229431
"2025-06-23 17:18:52.519 +0000",1750699132.519426,-0.043182,0.727814,-0.159119
"2025-06-23 17:18:52.529 +0000",1750699132.529495,-0.009109,0.665207,-0.155899
"2025-06-23 17:18:52.540 +0000",1750699132.539565,0.025986,0.614838,-0.180038
"2025-06-23 17:18:52.550 +0000",1750699132.549634,0.050049,0.612427,-0.205215
"2025-06-23 17:18:52.560 +0000",1750699132.559704,0.090363,0.702515,-0.242050
"2025-06-23 17:18:52.570 +0000",1750699132.569775,0.130447,0.842133,-0.279449
"2025-06-23 17:18:52.580 +0000",1750699132.579844,0.144150,0.972473,-0.293594
"2025-06-23 17:18:52.590 +0000",1750699132.589913,0.145523,1.074860,-0.299683
"2025-06-23 17:18:52.600 +0000",1750699132.599984,0.141388,1.165024,-0.307098
"2025-06-23 17:18:52.610 +0000",1750699132.610054,0.130524,1.221603,-0.312881
"2025-06-23 17:18:52.620 +0000",1750699132.620124,0.095352,1.207062,-0.307175
"2025-06-23 17:18:52.630 +0000",1750699132.630193,0.043701,1.095200,-0.282501
"2025-06-23 17:18:52.640 +0000",1750699132.640263,0.004639,0.931168,-0.253738
"2025-06-23 17:18:52.650 +0000",1750699132.650333,-0.045578,0.843384,-0.231308
"2025-06-23 17:18:52.660 +0000",1750699132.660403,-0.114975,0.834961,-0.214127
"2025-06-23 17:18:52.670 +0000",1750699132.670471,-0.161896,0.822739,-0.223557
"2025-06-23 17:18:52.681 +0000",1750699132.680542,-0.168411,0.810120,-0.246277
"2025-06-23 17:18:52.691 +0000",1750699132.690612,-0.167450,0.825012,-0.270660
"2025-06-23 17:18:52.701 +0000",1750699132.700680,-0.172607,0.868896,-0.290207
"2025-06-23 17:18:52.711 +0000",1750699132.710750,-0.191696,0.939163,-0.301834
"2025-06-23 17:18:52.721 +0000",1750699132.720821,-0.224640,1.015701,-0.312820
"2025-06-23 17:18:52.731 +0000",1750699132.730891,-0.255341,1.073822,-0.317429
"2025-06-23 17:18:52.741 +0000",1750699132.740960,-0.287109,1.093430,-0.299545
"2025-06-23 17:18:52.751 +0000",1750699132.751030,-0.323380,1.063446,-0.228531
"2025-06-23 17:18:52.761 +0000",1750699132.761101,-0.373428,0.979233,-0.078537
"2025-06-23 17:18:52.771 +0000",1750699132.771171,-0.441696,0.869385,0.140320
"2025-06-23 17:18:52.781 +0000",1750699132.781240,-0.486298,0.809052,0.349167
"2025-06-23 17:18:52.791 +0000",1750699132.791310,-0.408844,0.830917,0.383759
"2025-06-23 17:18:52.801 +0000",1750699132.801380,-0.306473,0.868301,0.221115
"2025-06-23 17:18:52.811 +0000",1750699132.811448,-0.239822,0.895401,-0.019653
"2025-06-23 17:18:52.822 +0000",1750699132.821518,-0.184341,0.937546,-0.235550
"2025-06-23 17:18:52.832 +0000",1750699132.831589,-0.136139,0.973022,-0.369797
"2025-06-23 17:18:52.842 +0000",1750699132.841659,-0.104553,0.978546,-0.416382
"2025-06-23 17:18:52.852 +0000",1750699132.851727,-0.121323,0.960495,-0.411270
"2025-06-23 17:18:52.862 +0000",1750699132.861797,-0.159851,0.932983,-0.379211
"2025-06-23 17:18:52.872 +0000",1750699132.871867,-0.184235,0.918228,-0.345856
"2025-06-23 17:18:52.882 +0000",1750699132.881937,-0.183060,0.930252,-0.324692
"2025-06-23 17:18:52.892 +0000",1750699132.892006,-0.170105,0.971558,-0.286896
"2025-06-23 17:18:52.902 +0000",1750699132.902077,-0.153427,1.014114,-0.160095
"2025-06-23 17:18:52.912 +0000",1750699132.912147,-0.141220,1.069839,0.056580
"2025-06-23 17:18:52.922 +0000",1750699132.922216,-0.167282,1.076645,0.242905
"2025-06-23 17:18:52.932 +0000",1750699132.932286,-0.200394,1.031082,0.265198
"2025-06-23 17:18:52.942 +0000",1750699132.942356,-0.249023,1.037628,0.128113
"2025-06-23 17:18:52.952 +0000",1750699132.952425,-0.303787,1.080414,-0.080872
"2025-06-23 17:18:52.962 +0000",1750699132.962495,-0.328934,1.096909,-0.269638
"2025-06-23 17:18:52.973 +0000",1750699132.972564,-0.282959,1.099228,-0.409348
"2025-06-23 17:18:52.983 +0000",1750699132.982634,-0.295334,1.168472,-0.441406
"2025-06-23 17:18:52.993 +0000",1750699132.992704,-0.254074,1.148636,-0.464249
"2025-06-23 17:18:53.003 +0000",1750699133.002774,-0.197861,1.165787,-0.463440
"2025-06-23 17:18:53.013 +0000",1750699133.012843,-0.199249,1.193436,-0.411896
"2025-06-23 17:18:53.023 +0000",1750699133.022914,-0.244522,1.226257,-0.297455
"2025-06-23 17:18:53.033 +0000",1750699133.032984,-0.336807,1.317307,-0.095261
"2025-06-23 17:18:53.043 +0000",1750699133.043053,-0.431992,1.408157,0.199280
"2025-06-23 17:18:53.053 +0000",1750699133.053123,-0.515030,1.348190,0.461914
"2025-06-23 17:18:53.063 +0000",1750699133.063192,-0.621124,1.231628,0.584473
"2025-06-23 17:18:53.073 +0000",1750699133.073262,-0.714890,1.193619,0.633713
"2025-06-23 17:18:53.083 +0000",1750699133.083331,-0.771072,1.175018,0.733139
"2025-06-23 17:18:53.093 +0000",1750699133.093402,-0.748337,1.194916,0.692429
"2025-06-23 17:18:53.103 +0000",1750699133.103472,-0.628998,1.243820,0.379181
"2025-06-23 17:18:53.114 +0000",1750699133.113540,-0.497330,1.291565,0.184921
"2025-06-23 17:18:53.124 +0000",1750699133.123611,-0.397324,1.311584,0.045731
"2025-06-23 17:18:53.134 +0000",1750699133.133681,-0.307587,1.349701,-0.120987
"2025-06-23 17:18:53.144 +0000",1750699133.143750,-0.170685,1.465317,-0.282608
"2025-06-23 17:18:53.154 +0000",1750699133.153819,0.002502,1.565399,-0.450882
"2025-06-23 17:18:53.164 +0000",1750699133.163890,0.117569,1.537384,-0.556976
"2025-06-23 17:18:53.174 +0000",1750699133.173960,0.147934,1.430618,-0.588684
"2025-06-23 17:18:53.184 +0000",1750699133.184029,0.142105,1.369751,-0.580521
"2025-06-23 17:18:53.194 +0000",1750699133.194099,0.172928,1.391922,-0.569397
"2025-06-23 17:18:53.204 +0000",1750699133.204168,0.271576,1.465424,-0.579483
"2025-06-23 17:18:53.214 +0000",1750699133.214239,0.393173,1.360031,-0.610870
"2025-06-23 17:18:53.224 +0000",1750699133.224308,0.445419,1.246384,-0.489365
"2025-06-23 17:18:53.234 +0000",1750699133.234377,0.296738,1.224213,-0.104233
"2025-06-23 17:18:53.244 +0000",1750699133.244448,-0.022003,1.084610,0.296494
"2025-06-23 17:18:53.255 +0000",1750699133.254517,-0.180420,0.925385,0.307175
"2025-06-23 17:18:53.265 +0000",1750699133.264587,-0.219604,0.797714,0.146317
"2025-06-23 17:18:53.275 +0000",1750699133.274657,-0.266037,0.756958,-0.041779
"2025-06-23 17:18:53.285 +0000",1750699133.284726,-0.354507,0.824097,-0.178986
"2025-06-23 17:18:53.295 +0000",1750699133.294796,-0.357727,0.855789,-0.243164
"2025-06-23 17:18:53.305 +0000",1750699133.304866,-0.316544,0.816437,-0.217911
"2025-06-23 17:18:53.315 +0000",1750699133.314935,-0.339371,0.776871,-0.158356
"2025-06-23 17:18:53.325 +0000",1750699133.325006,-0.345596,0.720703,-0.124283
"2025-06-23 17:18:53.335 +0000",1750699133.335076,-0.304596,0.677689,-0.119690
"2025-06-23 17:18:53.345 +0000",1750699133.345145,-0.246277,0.643539,-0.155716
"2025-06-23 17:18:53.355 +0000",1750699133.355215,-0.168533,0.587891,-0.198792
"2025-06-23 17:18:53.365 +0000",1750699133.365284,-0.069473,0.552917,-0.221786
"2025-06-23 17:18:53.375 +0000",1750699133.375354,-0.015564,0.538712,-0.234360
"2025-06-23 17:18:53.385 +0000",1750699133.385423,0.033585,0.536179,-0.247711
"2025-06-23 17:18:53.395 +0000",1750699133.395494,0.100342,0.543427,-0.267563
"2025-06-23 17:18:53.406 +0000",1750699133.405564,0.171539,0.550003,-0.269669
"2025-06-23 17:18:53.416 +0000",1750699133.415632,0.246704,0.549744,-0.260849
"2025-06-23 17:18:53.426 +0000",1750699133.425702,0.334717,0.557236,-0.263443
"2025-06-23 17:18:53.436 +0000",1750699133.435772,0.412415,0.584793,-0.267853
"2025-06-23 17:18:53.446 +0000",1750699133.445843,0.469772,0.612747,-0.255035
"2025-06-23 17:18:53.456 +0000",1750699133.455912,0.525162,0.635803,-0.204025
"2025-06-23 17:18:53.466 +0000",1750699133.465982,0.571869,0.655121,-0.134674
"2025-06-23 17:18:53.476 +0000",1750699133.476052,0.601791,0.647949,-0.069168
"2025-06-23 17:18:53.486 +0000",1750699133.486122,0.582397,0.645187,-0.001938
"2025-06-23 17:18:53.496 +0000",1750699133.496190,0.513306,0.634552,0.063843
"2025-06-23 17:18:53.506 +0000",1750699133.506260,0.445206,0.586273,0.109268
"2025-06-23 17:18:53.516 +0000",1750699133.516331,0.371078,0.685532,0.185883
"2025-06-23 17:18:53.526 +0000",1750699133.526400,0.234406,0.934280,0.450974
"2025-06-23 17:18:53.536 +0000",1750699133.536470,-0.087296,1.375870,1.567963
"2025-06-23 17:18:53.547 +0000",1750699133.546539,-1.015381,2.177505,2.821411
"2025-06-23 17:18:53.557 +0000",1750699133.556609,-1.558151,2.331146,0.569977
"2025-06-23 17:18:53.567 +0000",1750699133.566678,-1.973495,1.921234,-0.540344
"2025-06-23 17:18:53.577 +0000",1750699133.576748,-1.995300,1.608444,-0.339218
"2025-06-23 17:18:53.587 +0000",1750699133.586818,-2.030411,1.355591,0.105591
"2025-06-23 17:18:53.597 +0000",1750699133.596888,-1.907288,1.103088,0.441071
"2025-06-23 17:18:53.607 +0000",1750699133.606958,-1.550781,0.772293,0.488770
"2025-06-23 17:18:53.617 +0000",1750699133.617027,-1.005035,0.595459,0.470810
"2025-06-23 17:18:53.627 +0000",1750699133.627097,-0.657394,0.776154,0.364868
"2025-06-23 17:18:53.637 +0000",1750699133.637167,-0.207504,0.957275,-0.129684
"2025-06-23 17:18:53.647 +0000",1750699133.647237,0.246384,1.116852,-0.705307
"2025-06-23 17:18:53.657 +0000",1750699133.657306,0.466324,1.340271,-0.802628
"2025-06-23 17:18:53.667 +0000",1750699133.667376,0.544189,1.528366,-0.663940
"2025-06-23 17:18:53.677 +0000",1750699133.677446,0.542648,1.449158,-0.262955
"2025-06-23 17:18:53.688 +0000",1750699133.687516,0.715195,1.290390,0.854355
"2025-06-23 17:18:53.698 +0000",1750699133.697585,0.340027,1.378906,0.787491
"2025-06-23 17:18:53.708 +0000",1750699133.707655,-0.269241,1.269577,-0.369217
"2025-06-23 17:18:53.718 +0000",1750699133.717724,-0.355804,1.174789,-0.754929
"2025-06-23 17:18:53.728 +0000",1750699133.727794,-0.372879,0.991516,-0.813660
"2025-06-23 17:18:53.738 +0000",1750699133.737863,-0.390778,0.683060,-0.744034
"2025-06-23 17:18:53.748 +0000",1750699133.747934,-0.383408,0.581802,-0.540710
"2025-06-23 17:18:53.758 +0000",1750699133.758002,-0.305710,0.711655,-0.169357
"2025-06-23 17:18:53.768 +0000",1750699133.768073,-0.089737,0.891647,-0.029449
"2025-06-23 17:18:53.778 +0000",1750699133.778143,0.189377,0.987900,-0.028976
"2025-06-23 17:18:53.788 +0000",1750699133.788213,0.371628,0.995605,-0.087891
"2025-06-23 17:18:53.798 +0000",1750699133.798282,0.453156,0.972870,-0.182739
"2025-06-23 17:18:53.808 +0000",1750699133.808352,0.505493,0.962585,-0.223221
"2025-06-23 17:18:53.818 +0000",1750699133.818422,0.530655,0.961929,-0.199997
"2025-06-23 17:18:53.828 +0000",1750699133.828492,0.495010,1.005280,-0.186966
"2025-06-23 17:18:53.839 +0000",1750699133.838561,0.365082,1.047226,-0.239105
"2025-06-23 17:18:53.849 +0000",1750699133.848631,0.177017,1.023209,-0.342834
"2025-06-23 17:18:53.859 +0000",1750699133.858700,0.005310,0.986115,-0.438416
"2025-06-23 17:18:53.869 +0000",1750699133.868770,-0.126160,0.938034,-0.479904
"2025-06-23 17:18:53.879 +0000",1750699133.878839,-0.217209,0.910141,-0.477982
"2025-06-23 17:18:53.889 +0000",1750699133.888909,-0.289658,0.918243,-0.446640
"2025-06-23 17:18:53.899 +0000",1750699133.898979,-0.339798,0.900574,-0.382584
"2025-06-23 17:18:53.909 +0000",1750699133.909049,-0.351639,0.865479,-0.282089
"2025-06-23 17:18:53.919 +0000",1750699133.919119,-0.321671,0.815094,-0.135330
"2025-06-23 17:18:53.929 +0000",1750699133.929189,-0.257553,0.806488,0.020523
"2025-06-23 17:18:53.939 +0000",1750699133.939258,-0.203888,0.850616,0.119202
"2025-06-23 17:18:53.949 +0000",1750699133.949327,-0.183044,0.882584,0.107422
"2025-06-23 17:18:53.959 +0000",1750699133.959397,-0.193192,0.885391,0.010605
"2025-06-23 17:18:53.969 +0000",1750699133.969468,-0.224091,0.881577,-0.102005
"2025-06-23 17:18:53.980 +0000",1750699133.979538,-0.267792,0.891312,-0.174515
"2025-06-23 17:18:53.990 +0000",1750699133.989607,-0.315079,0.922073,-0.181473
"2025-06-23 17:18:54.000 +0000",1750699133.999676,-0.363846,0.936813,-0.125885
"2025-06-23 17:18:54.010 +0000",1750699134.009747,-0.392502,0.931549,-0.053101
"2025-06-23 17:18:54.020 +0000",1750699134.019816,-0.355682,0.945648,-0.022354
"2025-06-23 17:18:54.030 +0000",1750699134.029886,-0.248001,0.917664,-0.099472
"2025-06-23 17:18:54.040 +0000",1750699134.039955,-0.161926,0.912857,-0.238312
"2025-06-23 17:18:54.050 +0000",1750699134.050025,-0.096039,0.928543,-0.368942
"2025-06-23 17:18:54.060 +0000",1750699134.060094,-0.067627,0.941605,-0.466324
"2025-06-23 17:18:54.070 +0000",1750699134.070165,-0.120605,0.972809,-0.511398
"2025-06-23 17:18:54.080 +0000",1750699134.080234,-0.157059,0.969849,-0.500122
"2025-06-23 17:18:54.090 +0000",1750699134.090304,-0.198715,0.971939,-0.426880
"2025-06-23 17:18:54.100 +0000",1750699134.100373,-0.248672,0.979614,-0.244324
"2025-06-23 17:18:54.110 +0000",1750699134.110444,-0.277206,0.965424,0.100525
"2025-06-23 17:18:54.121 +0000",1750699134.120513,-0.249115,0.966660,0.483551
"2025-06-23 17:18:54.131 +0000",1750699134.130584,-0.182129,0.998260,0.587906
"2025-06-23 17:18:54.141 +0000",1750699134.140653,-0.166580,1.036469,0.329193
"2025-06-23 17:18:54.151 +0000",1750699134.150723,-0.222839,1.082764,-0.054474
"2025-06-23 17:18:54.161 +0000",1750699134.160793,-0.267242,1.119049,-0.333099
"2025-06-23 17:18:54.171 +0000",1750699134.170863,-0.255798,1.121323,-0.448990
"2025-06-23 17:18:54.181 +0000",1750699134.180931,-0.246475,1.092117,-0.450516
"2025-06-23 17:18:54.191 +0000",1750699134.191002,-0.244476,1.073593,-0.405899
"2025-06-23 17:18:54.201 +0000",1750699134.201072,-0.230972,1.085953,-0.374954
"2025-06-23 17:18:54.211 +0000",1750699134.211142,-0.211258,1.128769,-0.363525
"2025-06-23 17:18:54.221 +0000",1750699134.221210,-0.205475,1.189499,-0.357117
"2025-06-23 17:18:54.231 +0000",1750699134.231281,-0.234756,1.246399,-0.347458
"2025-06-23 17:18:54.241 +0000",1750699134.241350,-0.312973,1.291107,-0.327240
"2025-06-23 17:18:54.251 +0000",1750699134.251420,-0.425034,1.310516,-0.291397
"2025-06-23 17:18:54.261 +0000",1750699134.261490,-0.530121,1.285248,-0.230148
"2025-06-23 17:18:54.272 +0000",1750699134.271560,-0.667389,1.243759,-0.034134
"2025-06-23 17:18:54.282 +0000",1750699134.281630,-0.789764,1.191711,0.267258
"2025-06-23 17:18:54.292 +0000",1750699134.291698,-0.881607,1.146530,0.567719
"2025-06-23 17:18:54.302 +0000",1750699134.301768,-0.950256,1.125839,0.876602
"2025-06-23 17:18:54.312 +0000",1750699134.311838,-0.881744,1.113235,0.946426
"2025-06-23 17:18:54.322 +0000",1750699134.321909,-0.688309,1.141937,0.565918
"2025-06-23 17:18:54.332 +0000",1750699134.331978,-0.553391,1.152740,0.233200
"2025-06-23 17:18:54.342 +0000",1750699134.342048,-0.473877,1.158264,0.054520
"2025-06-23 17:18:54.352 +0000",1750699134.352118,-0.429565,1.232758,-0.032104
"2025-06-23 17:18:54.362 +0000",1750699134.362187,-0.336212,1.377975,-0.098297
"2025-06-23 17:18:54.372 +0000",1750699134.372257,-0.235687,1.662964,-0.206421
"2025-06-23 17:18:54.382 +0000",1750699134.382327,-0.106445,1.825317,-0.365662
"2025-06-23 17:18:54.392 +0000",1750699134.392397,0.016678,1.697418,-0.436096
"2025-06-23 17:18:54.402 +0000",1750699134.402467,0.100143,1.560928,-0.433258
"2025-06-23 17:18:54.413 +0000",1750699134.412536,0.137756,1.516800,-0.440323
"2025-06-23 17:18:54.423 +0000",1750699134.422606,0.218246,1.539124,-0.498230
"2025-06-23 17:18:54.433 +0000",1750699134.432676,0.385056,1.443909,-0.634094
"2025-06-23 17:18:54.443 +0000",1750699134.442745,0.552185,1.355392,-0.780502
"2025-06-23 17:18:54.453 +0000",1750699134.452815,0.618195,1.327881,-0.782379
"2025-06-23 17:18:54.463 +0000",1750699134.462885,0.486008,1.275345,-0.534943
"2025-06-23 17:18:54.473 +0000",1750699134.472955,0.160294,1.075668,0.047592
"2025-06-23 17:18:54.483 +0000",1750699134.483023,-0.148468,0.836151,0.545898
"2025-06-23 17:18:54.493 +0000",1750699134.493094,-0.186401,0.756653,0.354126
"2025-06-23 17:18:54.503 +0000",1750699134.503163,-0.191803,0.739059,0.145996
"2025-06-23 17:18:54.513 +0000",1750699134.513234,-0.238403,0.750076,-0.053864
"2025-06-23 17:18:54.523 +0000",1750699134.523302,-0.294373,0.722595,-0.203018
"2025-06-23 17:18:54.533 +0000",1750699134.533373,-0.372421,0.718094,-0.244064
"2025-06-23 17:18:54.543 +0000",1750699134.543443,-0.389389,0.685623,-0.224808
"2025-06-23 17:18:54.554 +0000",1750699134.553512,-0.376389,0.640808,-0.227585
"2025-06-23 17:18:54.564 +0000",1750699134.563582,-0.349640,0.591156,-0.235962
"2025-06-23 17:18:54.574 +0000",1750699134.573651,-0.299957,0.556671,-0.225800
"2025-06-23 17:18:54.584 +0000",1750699134.583721,-0.194626,0.549927,-0.210602
"2025-06-23 17:18:54.594 +0000",1750699134.593792,-0.048126,0.542297,-0.210159
"2025-06-23 17:18:54.604 +0000",1750699134.603861,0.040970,0.516327,-0.221786
"2025-06-23 17:18:54.614 +0000",1750699134.613931,0.088531,0.506256,-0.218201
"2025-06-23 17:18:54.624 +0000",1750699134.624001,0.151276,0.528381,-0.205017
"2025-06-23 17:18:54.634 +0000",1750699134.634071,0.246643,0.560959,-0.186401
"2025-06-23 17:18:54.644 +0000",1750699134.644139,0.339172,0.579147,-0.151550
"2025-06-23 17:18:54.654 +0000",1750699134.654209,0.413834,0.575516,-0.131119
"2025-06-23 17:18:54.664 +0000",1750699134.664279,0.472580,0.562073,-0.119110
"2025-06-23 17:18:54.674 +0000",1750699134.674349,0.500259,0.537491,-0.101929
"2025-06-23 17:18:54.684 +0000",1750699134.684419,0.528198,0.539825,-0.072708
"2025-06-23 17:18:54.694 +0000",1750699134.694489,0.534622,0.570557,-0.064819
"2025-06-23 17:18:54.705 +0000",1750699134.704559,0.483063,0.598114,-0.064102
"2025-06-23 17:18:54.715 +0000",1750699134.714628,0.415009,0.657608,-0.030106
"2025-06-23 17:18:54.725 +0000",1750699134.724698,0.359985,0.756851,0.007919
"2025-06-23 17:18:54.735 +0000",1750699134.734768,0.269958,0.891373,0.066422
"2025-06-23 17:18:54.745 +0000",1750699134.744838,0.091690,1.198395,0.421768
"2025-06-23 17:18:54.755 +0000",1750699134.754907,-0.390793,1.784302,1.873383
"2025-06-23 17:18:54.765 +0000",1750699134.764977,-1.256943,2.185989,2.184433
"2025-06-23 17:18:54.775 +0000",1750699134.775047,-1.783920,2.027390,-0.008530
"2025-06-23 17:18:54.785 +0000",1750699134.785117,-2.226273,1.970230,-0.275391
"2025-06-23 17:18:54.795 +0000",1750699134.795186,-2.321640,1.782120,0.100372
"2025-06-23 17:18:54.805 +0000",1750699134.805256,-2.149719,1.260223,0.262863
"2025-06-23 17:18:54.815 +0000",1750699134.815326,-1.642349,0.696838,0.393219
"2025-06-23 17:18:54.825 +0000",1750699134.825396,-1.128662,0.608459,0.424194
"2025-06-23 17:18:54.835 +0000",1750699134.835465,-0.765381,0.965683,0.380890
"2025-06-23 17:18:54.846 +0000",1750699134.845535,-0.415985,1.103592,0.287537
"2025-06-23 17:18:54.856 +0000",1750699134.855605,-0.050186,1.194244,0.044098
"2025-06-23 17:18:54.866 +0000",1750699134.865674,0.241989,1.345947,-0.223892
"2025-06-23 17:18:54.876 +0000",1750699134.875744,0.416016,1.401001,-0.363007
"2025-06-23 17:18:54.886 +0000",1750699134.885814,0.513062,1.166061,-0.494339
"2025-06-23 17:18:54.896 +0000",1750699134.895884,0.567825,0.881744,-0.439362
"2025-06-23 17:18:54.906 +0000",1750699134.905953,0.690872,0.816788,0.091400
"2025-06-23 17:18:54.916 +0000",1750699134.916023,0.750443,1.077789,0.776123
"2025-06-23 17:18:54.926 +0000",1750699134.926093,0.085022,1.362473,0.161972
"2025-06-23 17:18:54.936 +0000",1750699134.936163,-0.377991,1.293442,-0.582550
"2025-06-23 17:18:54.946 +0000",1750699134.946231,-0.418503,1.119568,-0.863525
"2025-06-23 17:18:54.956 +0000",1750699134.956302,-0.362961,0.868500,-0.919983
"2025-06-23 17:18:54.966 +0000",1750699134.966372,-0.310791,0.683075,-0.791321
"2025-06-23 17:18:54.976 +0000",1750699134.976442,-0.242950,0.648346,-0.478302
"2025-06-23 17:18:54.987 +0000",1750699134.986511,-0.121765,0.745880,-0.229874
"2025-06-23 17:18:54.997 +0000",1750699134.996581,0.045547,0.831146,-0.103317
"2025-06-23 17:18:55.007 +0000",1750699135.006650,0.176727,0.857346,-0.073822
"2025-06-23 17:18:55.017 +0000",1750699135.016721,0.259552,0.877029,-0.117111
"2025-06-23 17:18:55.027 +0000",1750699135.026790,0.278976,0.949692,-0.157867
"2025-06-23 17:18:55.037 +0000",1750699135.036860,0.231339,1.062805,-0.195831
"2025-06-23 17:18:55.047 +0000",1750699135.046929,0.136536,1.150131,-0.236755
"2025-06-23 17:18:55.057 +0000",1750699135.056999,0.016479,1.179092,-0.280548
"2025-06-23 17:18:55.067 +0000",1750699135.067069,-0.098785,1.166168,-0.357605
"2025-06-23 17:18:55.077 +0000",1750699135.077139,-0.192062,1.100983,-0.416916
"2025-06-23 17:18:55.087 +0000",1750699135.087209,-0.267380,0.986130,-0.473038
"2025-06-23 17:18:55.097 +0000",1750699135.097278,-0.369232,0.784866,-0.594727
"2025-06-23 17:18:55.107 +0000",1750699135.107348,-0.499191,0.667831,-0.504974
"2025-06-23 17:18:55.117 +0000",1750699135.117418,-0.549606,0.600632,-0.331589
"2025-06-23 17:18:55.127 +0000",1750699135.127488,-0.446335,0.490295,-0.192383
"2025-06-23 17:18:55.138 +0000",1750699135.137557,-0.278015,0.592148,-0.068680
"2025-06-23 17:18:55.148 +0000",1750699135.147627,-0.192596,0.856186,0.044342
"2025-06-23 17:18:55.158 +0000",1750699135.157697,-0.151642,1.048630,0.140320
"2025-06-23 17:18:55.168 +0000",1750699135.167767,-0.100388,1.141891,0.076935
"2025-06-23 17:18:55.178 +0000",1750699135.177836,-0.081146,1.110931,-0.065720
"2025-06-23 17:18:55.188 +0000",1750699135.187906,-0.102341,1.027908,-0.174637
"2025-06-23 17:18:55.198 +0000",1750699135.197976,-0.104034,1.012085,-0.176193
"2025-06-23 17:18:55.208 +0000",1750699135.208046,-0.165543,0.974243,-0.143463
"2025-06-23 17:18:55.218 +0000",1750699135.218115,-0.259567,0.919800,-0.033493
"2025-06-23 17:18:55.228 +0000",1750699135.228185,-0.287125,0.888046,0.065399
"2025-06-23 17:18:55.238 +0000",1750699135.238255,-0.276703,0.852997,0.075394
"2025-06-23 17:18:55.248 +0000",1750699135.248324,-0.243240,0.852554,-0.021683
"2025-06-23 17:18:55.258 +0000",1750699135.258394,-0.195084,0.872528,-0.168396
"2025-06-23 17:18:55.268 +0000",1750699135.268464,-0.160553,0.913620,-0.295334
"2025-06-23 17:18:55.279 +0000",1750699135.278534,-0.126831,0.949860,-0.394897
"2025-06-23 17:18:55.289 +0000",1750699135.288603,-0.110504,0.950241,-0.450760
"2025-06-23 17:18:55.299 +0000",1750699135.298673,-0.124786,0.921539,-0.450317
"2025-06-23 17:18:55.309 +0000",1750699135.308743,-0.124100,0.898071,-0.390305
"2025-06-23 17:18:55.319 +0000",1750699135.318813,-0.115036,0.876358,-0.229965
"2025-06-23 17:18:55.329 +0000",1750699135.328882,-0.104507,0.901016,0.032669
"2025-06-23 17:18:55.339 +0000",1750699135.338952,-0.115921,0.921310,0.275208
"2025-06-23 17:18:55.349 +0000",1750699135.349021,-0.146851,0.910599,0.312653
"2025-06-23 17:18:55.359 +0000",1750699135.359092,-0.198166,0.935654,0.113922
"2025-06-23 17:18:55.369 +0000",1750699135.369161,-0.261993,1.012177,-0.161316
"2025-06-23 17:18:55.379 +0000",1750699135.379231,-0.300339,1.064651,-0.385605
"2025-06-23 17:18:55.389 +0000",1750699135.389301,-0.291962,1.083588,-0.503586
"2025-06-23 17:18:55.399 +0000",1750699135.399370,-0.253281,1.086395,-0.519592
"2025-06-23 17:18:55.409 +0000",1750699135.409440,-0.210114,1.083740,-0.450546
"2025-06-23 17:18:55.420 +0000",1750699135.419510,-0.199600,1.088181,-0.359451
"2025-06-23 17:18:55.430 +0000",1750699135.429580,-0.219772,1.127274,-0.264679
"2025-06-23 17:18:55.440 +0000",1750699135.439650,-0.297791,1.222717,-0.187607
"2025-06-23 17:18:55.450 +0000",1750699135.449719,-0.388885,1.331650,-0.117386
"2025-06-23 17:18:55.460 +0000",1750699135.459789,-0.494125,1.360733,-0.079193
"2025-06-23 17:18:55.470 +0000",1750699135.469859,-0.580322,1.364838,-0.025314
"2025-06-23 17:18:55.480 +0000",1750699135.479929,-0.646393,1.348267,0.080124
"2025-06-23 17:18:55.490 +0000",1750699135.489998,-0.734009,1.291000,0.257309
"2025-06-23 17:18:55.500 +0000",1750699135.500068,-0.847641,1.235596,0.530411
"2025-06-23 17:18:55.510 +0000",1750699135.510138,-0.929794,1.201813,0.815277
"2025-06-23 17:18:55.520 +0000",1750699135.520208,-0.849594,1.172638,0.748734
"2025-06-23 17:18:55.530 +0000",1750699135.530277,-0.686218,1.175873,0.399811
"2025-06-23 17:18:55.540 +0000",1750699135.540347,-0.562302,1.212738,0.161804
"2025-06-23 17:18:55.550 +0000",1750699135.550417,-0.474670,1.254318,-0.000015
"2025-06-23 17:18:55.560 +0000",1750699135.560486,-0.362122,1.357880,-0.061020
"2025-06-23 17:18:55.571 +0000",1750699135.570556,-0.172211,1.512680,-0.042725
"2025-06-23 17:18:55.581 +0000",1750699135.580626,0.073441,1.623001,-0.135727
"2025-06-23 17:18:55.591 +0000",1750699135.590695,0.227036,1.520828,-0.434479
"2025-06-23 17:18:55.601 +0000",1750699135.600765,0.320297,1.451752,-0.642502
"2025-06-23 17:18:55.611 +0000",1750699135.610835,0.366623,1.398163,-0.658188
"2025-06-23 17:18:55.621 +0000",1750699135.620905,0.410339,1.371704,-0.536819
"2025-06-23 17:18:55.631 +0000",1750699135.630975,0.480515,1.368683,-0.309814
"2025-06-23 17:18:55.641 +0000",1750699135.641044,0.443741,1.346420,-0.085983
"2025-06-23 17:18:55.651 +0000",1750699135.651114,0.236237,1.281174,0.019104
"2025-06-23 17:18:55.661 +0000",1750699135.661184,-0.000336,1.177277,0.039841
"2025-06-23 17:18:55.671 +0000",1750699135.671254,-0.180786,1.078735,0.027466
"2025-06-23 17:18:55.681 +0000",1750699135.681323,-0.299240,0.992752,-0.021942
"2025-06-23 17:18:55.691 +0000",1750699135.691393,-0.365585,0.940567,-0.084885
"2025-06-23 17:18:55.701 +0000",1750699135.701463,-0.380264,0.944519,-0.135712
"2025-06-23 17:18:55.712 +0000",1750699135.711533,-0.343781,0.925217,-0.180679
"2025-06-23 17:18:55.722 +0000",1750699135.721602,-0.315689,0.882736,-0.209030
"2025-06-23 17:18:55.732 +0000",1750699135.731671,-0.255203,0.838928,-0.217636
"2025-06-23 17:18:55.742 +0000",1750699135.741742,-0.216644,0.792374,-0.180008
"2025-06-23 17:18:55.752 +0000",1750699135.751811,-0.201553,0.732086,-0.145126
"2025-06-23 17:18:55.762 +0000",1750699135.761881,-0.181854,0.684555,-0.116150
"2025-06-23 17:18:55.772 +0000",1750699135.771951,-0.122131,0.637787,-0.113525
"2025-06-23 17:18:55.782 +0000",1750699135.782021,-0.067322,0.590607,-0.116852
"2025-06-23 17:18:55.792 +0000",1750699135.792089,-0.030670,0.567200,-0.134872
"2025-06-23 17:18:55.802 +0000",1750699135.802160,0.006058,0.520401,-0.168045
"2025-06-23 17:18:55.812 +0000",1750699135.812229,0.052216,0.473007,-0.195770
"2025-06-23 17:18:55.822 +0000",1750699135.822300,0.094360,0.469849,-0.203476
"2025-06-23 17:18:55.832 +0000",1750699135.832368,0.132080,0.496735,-0.202942
"2025-06-23 17:18:55.842 +0000",1750699135.842439,0.178635,0.530212,-0.202164
"2025-06-23 17:18:55.853 +0000",1750699135.852508,0.231155,0.574600,-0.210419
"2025-06-23 17:18:55.863 +0000",1750699135.862579,0.281342,0.614426,-0.201691
"2025-06-23 17:18:55.873 +0000",1750699135.872648,0.329865,0.627182,-0.180420
"2025-06-23 17:18:55.883 +0000",1750699135.882718,0.368210,0.625427,-0.134399
"2025-06-23 17:18:55.893 +0000",1750699135.892787,0.404114,0.633224,-0.068848
"2025-06-23 17:18:55.903 +0000",1750699135.902858,0.449036,0.637711,-0.011215
"2025-06-23 17:18:55.913 +0000",1750699135.912926,0.483154,0.648621,0.056641
"2025-06-23 17:18:55.923 +0000",1750699135.922997,0.464081,0.689377,0.173065
"2025-06-23 17:18:55.933 +0000",1750699135.933066,0.423889,0.770554,0.334625
"2025-06-23 17:18:55.943 +0000",1750699135.943137,0.437943,0.896790,0.688828
"2025-06-23 17:18:55.953 +0000",1750699135.953206,0.393738,1.085861,1.597778
"2025-06-23 17:18:55.963 +0000",1750699135.963276,-0.202988,1.403763,2.604172
"2025-06-23 17:18:55.973 +0000",1750699135.973346,-1.209625,1.512177,1.496613
"2025-06-23 17:18:55.983 +0000",1750699135.983416,-1.949326,1.861847,0.074951
"2025-06-23 17:18:55.993 +0000",1750699135.993484,-2.261398,2.037216,-0.435242
"2025-06-23 17:18:56.004 +0000",1750699136.003555,-2.176453,1.636307,-0.262543
"2025-06-23 17:18:56.014 +0000",1750699136.013624,-1.822800,1.065781,0.063522
"2025-06-23 17:18:56.024 +0000",1750699136.023693,-1.107788,0.886414,0.157181
"2025-06-23 17:18:56.034 +0000",1750699136.033764,-0.533813,1.164200,0.091217
"2025-06-23 17:18:56.044 +0000",1750699136.043834,-0.306656,1.587372,0.057877
"2025-06-23 17:18:56.054 +0000",1750699136.053903,-0.069092,1.590317,0.001999
"2025-06-23 17:18:56.064 +0000",1750699136.063973,0.205521,1.421707,0.080551
"2025-06-23 17:18:56.074 +0000",1750699136.074042,0.408127,1.279831,0.143021
"2025-06-23 17:18:56.084 +0000",1750699136.084112,0.485046,1.264038,0.035965
"2025-06-23 17:18:56.094 +0000",1750699136.094182,0.450165,1.256516,0.052582
"2025-06-23 17:18:56.104 +0000",1750699136.104251,0.225449,1.280273,-0.014496
"2025-06-23 17:18:56.114 +0000",1750699136.114322,-0.113770,1.239929,-0.463089
"2025-06-23 17:18:56.124 +0000",1750699136.124392,-0.209564,0.963135,-0.691330
"2025-06-23 17:18:56.134 +0000",1750699136.134462,-0.277161,0.621124,-0.734497
"2025-06-23 17:18:56.145 +0000",1750699136.144531,-0.432373,0.689240,-0.627380
"2025-06-23 17:18:56.155 +0000",1750699136.154601,-0.408524,0.832001,-0.452774
"2025-06-23 17:18:56.165 +0000",1750699136.164670,-0.300247,0.775711,-0.343506
"2025-06-23 17:18:56.175 +0000",1750699136.174741,-0.249557,0.778656,-0.258347
"2025-06-23 17:18:56.185 +0000",1750699136.184809,-0.179550,0.850159,-0.269165
"2025-06-23 17:18:56.195 +0000",1750699136.194880,-0.052109,0.869461,-0.254196
"2025-06-23 17:18:56.205 +0000",1750699136.204950,0.047318,0.846497,-0.228027
"2025-06-23 17:18:56.215 +0000",1750699136.215019,0.125931,0.821487,-0.181778
"2025-06-23 17:18:56.225 +0000",1750699136.225089,0.200455,0.829102,-0.101410
"2025-06-23 17:18:56.235 +0000",1750699136.235158,0.236923,0.921036,-0.041824
"2025-06-23 17:18:56.245 +0000",1750699136.245229,0.212173,1.024017,-0.060226
"2025-06-23 17:18:56.255 +0000",1750699136.255299,0.139389,0.949158,-0.177521
"2025-06-23 17:18:56.265 +0000",1750699136.265368,0.055008,0.893906,-0.273041
"2025-06-23 17:18:56.275 +0000",1750699136.275438,-0.041748,0.885727,-0.318176
"2025-06-23 17:18:56.286 +0000",1750699136.285508,-0.116364,0.852646,-0.331635
"2025-06-23 17:18:56.296 +0000",1750699136.295578,-0.156372,0.844589,-0.326050
"2025-06-23 17:18:56.306 +0000",1750699136.305647,-0.158936,0.854950,-0.316986
"2025-06-23 17:18:56.316 +0000",1750699136.315717,-0.130035,0.863525,-0.325150
"2025-06-23 17:18:56.326 +0000",1750699136.325786,-0.083542,0.853851,-0.323059
"2025-06-23 17:18:56.336 +0000",1750699136.335855,-0.035522,0.878311,-0.285645
"2025-06-23 17:18:56.346 +0000",1750699136.345926,0.004761,0.909882,-0.221649
"2025-06-23 17:18:56.356 +0000",1750699136.355996,0.032303,0.925980,-0.164215
"2025-06-23 17:18:56.366 +0000",1750699136.366066,0.001740,0.929657,-0.125977
"2025-06-23 17:18:56.376 +0000",1750699136.376135,-0.059250,0.916153,-0.085693
"2025-06-23 17:18:56.386 +0000",1750699136.386204,-0.144516,0.910736,-0.031982
"2025-06-23 17:18:56.396 +0000",1750699136.396274,-0.255493,0.909225,0.025208
"2025-06-23 17:18:56.406 +0000",1750699136.406344,-0.326233,0.898849,0.082550
"2025-06-23 17:18:56.416 +0000",1750699136.416414,-0.368378,0.889801,0.085281
"2025-06-23 17:18:56.426 +0000",1750699136.426483,-0.374359,0.879379,-0.005890
"2025-06-23 17:18:56.437 +0000",1750699136.436554,-0.331619,0.860168,-0.134308
"2025-06-23 17:18:56.447 +0000",1750699136.446624,-0.274139,0.865753,-0.235138
"2025-06-23 17:18:56.457 +0000",1750699136.456692,-0.232407,0.870041,-0.308548
"2025-06-23 17:18:56.467 +0000",1750699136.466762,-0.199478,0.896408,-0.352295
"2025-06-23 17:18:56.477 +0000",1750699136.476832,-0.160110,0.929916,-0.378708
"2025-06-23 17:18:56.487 +0000",1750699136.486902,-0.147507,0.963562,-0.399719
"2025-06-23 17:18:56.497 +0000",1750699136.496972,-0.171112,0.998108,-0.392258
"2025-06-23 17:18:56.507 +0000",1750699136.507042,-0.211395,1.014740,-0.362030
"2025-06-23 17:18:56.517 +0000",1750699136.517112,-0.267166,1.016510,-0.257462
"2025-06-23 17:18:56.527 +0000",1750699136.527182,-0.301880,1.016937,-0.034088
"2025-06-23 17:18:56.537 +0000",1750699136.537251,-0.288513,1.031204,0.268433
"2025-06-23 17:18:56.547 +0000",1750699136.547321,-0.266846,1.032013,0.423645
"2025-06-23 17:18:56.557 +0000",1750699136.557391,-0.253662,1.059769,0.281982
"2025-06-23 17:18:56.567 +0000",1750699136.567461,-0.254791,1.106964,-0.022079
"2025-06-23 17:18:56.578 +0000",1750699136.577529,-0.268829,1.146194,-0.275024
"2025-06-23 17:18:56.588 +0000",1750699136.587599,-0.300476,1.167648,-0.424026
"2025-06-23 17:18:56.598 +0000",1750699136.597670,-0.303543,1.187073,-0.490189
"2025-06-23 17:18:56.608 +0000",1750699136.607739,-0.313339,1.217270,-0.498703
"2025-06-23 17:18:56.618 +0000",1750699136.617808,-0.382202,1.253693,-0.461792
"2025-06-23 17:18:56.628 +0000",1750699136.627878,-0.486343,1.319473,-0.395142
"2025-06-23 17:18:56.638 +0000",1750699136.637949,-0.636887,1.386490,-0.289520
"2025-06-23 17:18:56.648 +0000",1750699136.648018,-0.783585,1.395264,-0.120789
"2025-06-23 17:18:56.658 +0000",1750699136.658088,-0.869827,1.350861,0.144775
"2025-06-23 17:18:56.668 +0000",1750699136.668158,-0.914886,1.306366,0.412079
"2025-06-23 17:18:56.678 +0000",1750699136.678228,-0.950607,1.254105,0.605911
"2025-06-23 17:18:56.688 +0000",1750699136.688297,-0.966095,1.199219,0.854080
"2025-06-23 17:18:56.698 +0000",1750699136.698366,-0.849197,1.206009,0.931625
"2025-06-23 17:18:56.708 +0000",1750699136.708437,-0.642761,1.264404,0.500626
"2025-06-23 17:18:56.719 +0000",1750699136.718506,-0.498566,1.330063,0.103836
"2025-06-23 17:18:56.729 +0000",1750699136.728576,-0.405243,1.363754,-0.068573
"2025-06-23 17:18:56.739 +0000",1750699136.738646,-0.301132,1.429092,-0.130341
"2025-06-23 17:18:56.749 +0000",1750699136.748716,-0.110947,1.549911,-0.184189
"2025-06-23 17:18:56.759 +0000",1750699136.758786,0.088699,1.604126,-0.335266
"2025-06-23 17:18:56.769 +0000",1750699136.768855,0.227997,1.517883,-0.571686
"2025-06-23 17:18:56.779 +0000",1750699136.778925,0.311920,1.435593,-0.719940
"2025-06-23 17:18:56.789 +0000",1750699136.788995,0.373032,1.372375,-0.684113
"2025-06-23 17:18:56.799 +0000",1750699136.799065,0.480331,1.365021,-0.534485
"2025-06-23 17:18:56.809 +0000",1750699136.809134,0.559372,1.366821,-0.311081
"2025-06-23 17:18:56.819 +0000",1750699136.819204,0.467712,1.305252,-0.093796
"2025-06-23 17:18:56.829 +0000",1750699136.829274,0.214966,1.188690,-0.027405
"2025-06-23 17:18:56.839 +0000",1750699136.839344,-0.000671,1.095703,0.004196
"2025-06-23 17:18:56.849 +0000",1750699136.849413,-0.165237,1.031845,-0.015823
"2025-06-23 17:18:56.859 +0000",1750699136.859483,-0.291977,0.971573,-0.084976
"2025-06-23 17:18:56.870 +0000",1750699136.869553,-0.356339,0.910522,-0.149704
"2025-06-23 17:18:56.880 +0000",1750699136.879623,-0.401031,0.897858,-0.200455
"2025-06-23 17:18:56.890 +0000",1750699136.889692,-0.422928,0.873566,-0.253799
"2025-06-23 17:18:56.900 +0000",1750699136.899762,-0.419968,0.847824,-0.269196
"2025-06-23 17:18:56.910 +0000",1750699136.909832,-0.382339,0.812332,-0.248764
"2025-06-23 17:18:56.920 +0000",1750699136.919901,-0.316727,0.769913,-0.208527
"2025-06-23 17:18:56.930 +0000",1750699136.929971,-0.230042,0.734467,-0.190201
"2025-06-23 17:18:56.940 +0000",1750699136.940040,-0.122177,0.697556,-0.186752
"2025-06-23 17:18:56.950 +0000",1750699136.950111,0.014572,0.667740,-0.176132
"2025-06-23 17:18:56.960 +0000",1750699136.960181,0.072159,0.623703,-0.160599
"2025-06-23 17:18:56.970 +0000",1750699136.970250,0.099930,0.580994,-0.152863
"2025-06-23 17:18:56.980 +0000",1750699136.980320,0.124771,0.538605,-0.152405
"2025-06-23 17:18:56.990 +0000",1750699136.990390,0.141785,0.525650,-0.158722
"2025-06-23 17:18:57.000 +0000",1750699137.000459,0.175644,0.540024,-0.179703
"2025-06-23 17:18:57.011 +0000",1750699137.010529,0.222977,0.554520,-0.208160
"2025-06-23 17:18:57.021 +0000",1750699137.020600,0.277771,0.550766,-0.231918
"2025-06-23 17:18:57.031 +0000",1750699137.030669,0.339905,0.547485,-0.255936
"2025-06-23 17:18:57.041 +0000",1750699137.040738,0.399261,0.566910,-0.267899
"2025-06-23 17:18:57.051 +0000",1750699137.050808,0.465897,0.551346,-0.254013
"2025-06-23 17:18:57.061 +0000",1750699137.060878,0.514206,0.499710,-0.210144
"2025-06-23 17:18:57.071 +0000",1750699137.070948,0.559097,0.469513,-0.122116
"2025-06-23 17:18:57.081 +0000",1750699137.081017,0.606216,0.467163,0.006516
"2025-06-23 17:18:57.091 +0000",1750699137.091086,0.600189,0.522629,0.167191
"2025-06-23 17:18:57.101 +0000",1750699137.101157,0.513840,0.608780,0.300827
"2025-06-23 17:18:57.111 +0000",1750699137.111227,0.399612,0.757980,0.502396
"2025-06-23 17:18:57.121 +0000",1750699137.121296,0.225143,1.049393,1.217667
"2025-06-23 17:18:57.131 +0000",1750699137.131366,-0.244553,1.688416,3.052292
"2025-06-23 17:18:57.141 +0000",1750699137.141435,-1.150543,2.385483,2.397919
"2025-06-23 17:18:57.152 +0000",1750699137.151506,-1.703690,2.267593,-0.180222
"2025-06-23 17:18:57.162 +0000",1750699137.161575,-2.256561,1.900253,-0.787476
"2025-06-23 17:18:57.172 +0000",1750699137.171645,-2.344330,1.616058,-0.613724
"2025-06-23 17:18:57.182 +0000",1750699137.181716,-2.112625,1.092941,-0.104660
"2025-06-23 17:18:57.192 +0000",1750699137.191785,-1.687256,0.723297,0.115433
"2025-06-23 17:18:57.202 +0000",1750699137.201854,-1.104538,0.786072,0.187607
"2025-06-23 17:18:57.212 +0000",1750699137.211924,-0.728317,1.293640,0.329361
"2025-06-23 17:18:57.222 +0000",1750699137.221993,-0.410156,1.623672,0.259628
"2025-06-23 17:18:57.232 +0000",1750699137.232064,0.015594,1.599152,0.167908
"2025-06-23 17:18:57.242 +0000",1750699137.242133,0.376556,1.421204,0.142166
"2025-06-23 17:18:57.252 +0000",1750699137.252203,0.643082,1.265518,0.165955
"2025-06-23 17:18:57.262 +0000",1750699137.262273,0.926666,1.130203,0.371735
"2025-06-23 17:18:57.272 +0000",1750699137.272342,0.924240,1.137222,0.424118
"2025-06-23 17:18:57.282 +0000",1750699137.282412,0.457779,1.180130,-0.135956
"2025-06-23 17:18:57.292 +0000",1750699137.292482,0.057220,1.239090,-0.762268
"2025-06-23 17:18:57.303 +0000",1750699137.302552,-0.085953,1.119644,-0.970764
"2025-06-23 17:18:57.313 +0000",1750699137.312621,-0.182556,0.825409,-1.004410
"2025-06-23 17:18:57.323 +0000",1750699137.322690,-0.241852,0.732193,-0.865723
"2025-06-23 17:18:57.333 +0000",1750699137.332761,-0.286789,0.909698,-0.651138
"2025-06-23 17:18:57.343 +0000",1750699137.342831,-0.264023,0.906845,-0.504745
"2025-06-23 17:18:57.353 +0000",1750699137.352901,-0.207916,0.830170,-0.352066
"2025-06-23 17:18:57.363 +0000",1750699137.362970,-0.132324,0.793777,-0.262207
"2025-06-23 17:18:57.373 +0000",1750699137.373040,-0.051178,0.786224,-0.195831
"2025-06-23 17:18:57.383 +0000",1750699137.383110,0.043350,0.808395,-0.116898
"2025-06-23 17:18:57.393 +0000",1750699137.393179,0.163391,0.840591,-0.026932
"2025-06-23 17:19:15.542 +0000",1750699155.541637,0.083740,-0.238998,-0.965256
"2025-06-23 17:19:15.552 +0000",1750699155.551706,0.075623,-0.219147,-1.004425
"2025-06-23 17:19:15.562 +0000",1750699155.561776,0.058746,-0.224518,-1.009888
"2025-06-23 17:19:15.572 +0000",1750699155.571845,0.060699,-0.257751,-1.017456
"2025-06-23 17:19:15.582 +0000",1750699155.581915,0.060760,-0.293365,-1.019806
"2025-06-23 17:19:15.592 +0000",1750699155.591985,0.044678,-0.290588,-0.973175
"2025-06-23 17:19:15.602 +0000",1750699155.602053,0.049240,-0.258484,-0.941666
"2025-06-23 17:19:15.612 +0000",1750699155.612123,0.063461,-0.233658,-0.974335
"2025-06-23 17:19:15.622 +0000",1750699155.622192,0.042099,-0.223511,-0.995743
"2025-06-23 17:19:15.632 +0000",1750699155.632261,-0.000793,-0.220154,-0.975922
"2025-06-23 17:19:15.642 +0000",1750699155.642331,-0.016220,-0.230896,-0.952438
"2025-06-23 17:19:15.652 +0000",1750699155.652400,0.006195,-0.241837,-0.951828
"2025-06-23 17:19:15.662 +0000",1750699155.662469,0.043655,-0.228973,-0.972061
"2025-06-23 17:19:15.673 +0000",1750699155.672544,0.076965,-0.193817,-1.005997
"2025-06-23 17:19:15.683 +0000",1750699155.682609,0.084579,-0.176224,-1.038452
"2025-06-23 17:19:15.693 +0000",1750699155.692678,0.090332,-0.179642,-1.027115
"2025-06-23 17:19:15.703 +0000",1750699155.702746,0.088669,-0.182877,-0.994080
"2025-06-23 17:19:15.713 +0000",1750699155.712816,0.081284,-0.181015,-0.977264
"2025-06-23 17:19:15.723 +0000",1750699155.722885,0.084457,-0.175583,-0.981583
"2025-06-23 17:19:15.733 +0000",1750699155.732955,0.069977,-0.181717,-0.981796
"2025-06-23 17:19:15.743 +0000",1750699155.743024,0.051102,-0.200684,-0.973450
"2025-06-23 17:19:15.753 +0000",1750699155.753092,0.035324,-0.222931,-0.974472
"2025-06-23 17:19:15.763 +0000",1750699155.763162,0.029297,-0.233307,-0.987167
"2025-06-23 17:19:15.773 +0000",1750699155.773233,0.043625,-0.205215,-0.981369
"2025-06-23 17:19:15.783 +0000",1750699155.783301,0.031143,-0.197784,-0.947952
"2025-06-23 17:19:15.793 +0000",1750699155.793370,0.064331,-0.196472,-0.950256
"2025-06-23 17:19:15.803 +0000",1750699155.803440,0.085907,-0.214066,-0.963211
"2025-06-23 17:19:15.814 +0000",1750699155.813508,0.082108,-0.203125,-0.973572
"2025-06-23 17:19:15.824 +0000",1750699155.823578,0.092178,-0.169556,-1.003906
"2025-06-23 17:19:15.834 +0000",1750699155.833648,0.098877,-0.151718,-1.051086
"2025-06-23 17:19:15.844 +0000",1750699155.843718,0.100937,-0.161743,-1.061981
"2025-06-23 17:19:15.854 +0000",1750699155.853787,0.107819,-0.177368,-1.040649
"2025-06-23 17:19:15.864 +0000",1750699155.863855,0.104446,-0.186523,-1.002716
"2025-06-23 17:19:15.874 +0000",1750699155.873925,0.095261,-0.188080,-0.972305
"2025-06-23 17:19:15.884 +0000",1750699155.883994,0.086395,-0.192947,-0.963089
"2025-06-23 17:19:15.894 +0000",1750699155.894063,0.082886,-0.199402,-0.965225
"2025-06-23 17:19:15.904 +0000",1750699155.904133,0.069565,-0.223145,-0.978195
"2025-06-23 17:19:15.914 +0000",1750699155.914202,0.051132,-0.238251,-0.994141
"2025-06-23 17:19:15.924 +0000",1750699155.924271,0.051514,-0.223129,-1.015839
"2025-06-23 17:19:15.934 +0000",1750699155.934341,0.068741,-0.194595,-1.025833
"2025-06-23 17:19:15.944 +0000",1750699155.944410,0.087067,-0.175690,-1.030167
"2025-06-23 17:19:15.954 +0000",1750699155.954479,0.072968,-0.186218,-1.035385
"2025-06-23 17:19:15.965 +0000",1750699155.964548,0.057800,-0.213547,-1.045120
"2025-06-23 17:19:15.975 +0000",1750699155.974618,0.045044,-0.234009,-1.040100
"2025-06-23 17:19:15.985 +0000",1750699155.984686,0.033569,-0.257462,-1.016266
"2025-06-23 17:19:15.995 +0000",1750699155.994757,0.030197,-0.273438,-1.003937
"2025-06-23 17:19:16.005 +0000",1750699156.004826,0.018143,-0.267151,-0.982498
"2025-06-23 17:19:16.015 +0000",1750699156.014894,0.017899,-0.254868,-0.955307
"2025-06-23 17:19:16.025 +0000",1750699156.024964,0.040848,-0.236984,-0.933273
"2025-06-23 17:19:16.035 +0000",1750699156.035033,0.061462,-0.219666,-0.923584
"2025-06-23 17:19:16.045 +0000",1750699156.045104,0.055038,-0.221893,-0.910126
"2025-06-23 17:19:16.055 +0000",1750699156.055171,0.004761,-0.195343,-0.858490
"2025-06-23 17:19:16.065 +0000",1750699156.065241,0.046448,-0.259705,-0.926056
"2025-06-23 17:19:16.075 +0000",1750699156.075311,0.036499,-0.305191,-0.977539
"2025-06-23 17:19:16.085 +0000",1750699156.085379,-0.007797,-0.303116,-0.999100
"2025-06-23 17:19:16.095 +0000",1750699156.095448,-0.029816,-0.293777,-0.998993
"2025-06-23 17:19:16.106 +0000",1750699156.105519,-0.048386,-0.287750,-0.965714
"2025-06-23 17:19:16.116 +0000",1750699156.115588,-0.041016,-0.275787,-0.928146
"2025-06-23 17:19:16.126 +0000",1750699156.125656,-0.037033,-0.275177,-0.891830
"2025-06-23 17:19:16.136 +0000",1750699156.135726,-0.037476,-0.280914,-0.878082
"2025-06-23 17:19:16.146 +0000",1750699156.145796,-0.050156,-0.284698,-0.866928
"2025-06-23 17:19:16.156 +0000",1750699156.155865,-0.068710,-0.277130,-0.861115
"2025-06-23 17:19:16.166 +0000",1750699156.165934,-0.091309,-0.282059,-0.884216
"2025-06-23 17:19:16.176 +0000",1750699156.176003,-0.134705,-0.301437,-0.920929
"2025-06-23 17:19:16.186 +0000",1750699156.186073,-0.186081,-0.322006,-0.948761
"2025-06-23 17:19:16.196 +0000",1750699156.196142,-0.223267,-0.340057,-0.968597
"2025-06-23 17:19:16.206 +0000",1750699156.206212,-0.237991,-0.351364,-0.956909
"2025-06-23 17:19:16.216 +0000",1750699156.216281,-0.194412,-0.352249,-0.912094
"2025-06-23 17:19:16.226 +0000",1750699156.226351,-0.152634,-0.352463,-0.890839
"2025-06-23 17:19:16.236 +0000",1750699156.236419,-0.157074,-0.351685,-0.888657
"2025-06-23 17:19:16.246 +0000",1750699156.246489,-0.182190,-0.354950,-0.896591
"2025-06-23 17:19:16.257 +0000",1750699156.256558,-0.184647,-0.362991,-0.911636
"2025-06-23 17:19:16.267 +0000",1750699156.266628,-0.170746,-0.368973,-0.930573
"2025-06-23 17:19:16.277 +0000",1750699156.276697,-0.162796,-0.369949,-0.945145
"2025-06-23 17:19:16.287 +0000",1750699156.286765,-0.171692,-0.369583,-0.956909
"2025-06-23 17:19:16.297 +0000",1750699156.296834,-0.169754,-0.365051,-0.968887
"2025-06-23 17:19:16.307 +0000",1750699156.306905,-0.174316,-0.369064,-0.959122
"2025-06-23 17:19:16.317 +0000",1750699156.316974,-0.186310,-0.380753,-0.932678
"2025-06-23 17:19:16.327 +0000",1750699156.327042,-0.184662,-0.381805,-0.900726
"2025-06-23 17:19:16.337 +0000",1750699156.337112,-0.196594,-0.382553,-0.864655
"2025-06-23 17:19:16.347 +0000",1750699156.347181,-0.206650,-0.389114,-0.821793
"2025-06-23 17:19:16.357 +0000",1750699156.357250,-0.199112,-0.399658,-0.783737
"2025-06-23 17:19:16.367 +0000",1750699156.367321,-0.174026,-0.395172,-0.770889
"2025-06-23 17:19:16.377 +0000",1750699156.377389,-0.146729,-0.372162,-0.804382
"2025-06-23 17:19:16.387 +0000",1750699156.387458,-0.137161,-0.341064,-0.868042
"2025-06-23 17:19:16.398 +0000",1750699156.397528,-0.137390,-0.321411,-0.852554
"2025-06-23 17:19:16.408 +0000",1750699156.407597,-0.142960,-0.340317,-0.982468
