time,seconds_elapsed,lux
1751119823865656600,0.287656494140625,14.960000038146973
1751119824025631000,0.447630859375,17.239999771118164
1751119824185640000,0.607639892578125,15.470000267028809
1751119824345635300,0.76763525390625,15.59000015258789
1751119824505643500,0.9276435546875,41.130001068115234
1751119824666220500,1.088220458984375,32.95000076293945
1751119824825684700,1.247684814453125,23.59000015258789
1751119824985645000,1.40764501953125,16.079999923706055
1751119825145872000,1.567871826171875,5.650000095367432
1751119825305421000,1.727421142578125,1.9500000476837158
1751119825465689300,1.887689453125,0.41999998688697815
1751119825626340000,2.048340087890625,0
1751119825785634800,2.207634765625,0
1751119825945638100,2.36763818359375,0
1751119826105634800,2.527634765625,0
1751119826265631200,2.68763134765625,0
1751119826425654500,2.847654541015625,0
1751119826586000100,3.008000244140625,0
1751119826745739800,3.16773974609375,0
1751119826905695000,3.327695068359375,0
1751119827065657600,3.48765771484375,0
1751119827225668000,3.647668212890625,0
1751119827385638400,3.807638427734375,0
1751119827545671700,3.967671630859375,0
1751119827706216400,4.128216552734375,0
1751119827865639000,4.287638916015625,0
1751119828025637000,4.44763720703125,0
1751119828185646000,4.60764599609375,0
1751119828345656000,4.767656005859375,0
1751119828505632500,4.927632568359375,0
1751119828665731300,5.0877314453125,0
1751119828825644800,5.247644775390625,0
1751119828985672700,5.407672607421875,0
1751119829145648600,5.567648681640625,0
1751119829305644000,5.72764404296875,0
1751119829465635000,5.887635009765625,0
1751119829625966600,6.047966552734375,0
1751119829785674800,6.2076748046875,0
1751119829945647000,6.367647216796875,0
1751119830105653000,6.527653076171875,0
1751119830265667300,6.687667236328125,0
1751119830425642200,6.847642333984375,0
1751119830585696800,7.00769677734375,0
1751119830745958100,7.167958251953125,0
1751119830905644000,7.32764404296875,0
1751119831065645800,7.487645751953125,0
1751119831225637400,7.647637451171875,0
1751119831385635600,7.807635498046875,0
1751119831545643500,7.9676435546875,0
1751119831706254600,8.128254638671875,0
1751119831865647600,8.287647705078125,0
1751119832025642500,8.447642578125,0
1751119832185624000,8.6076240234375,0
1751119832345689900,8.76768994140625,0
1751119832505678800,8.927678955078125,0
1751119832665986000,9.087986083984376,0
1751119832825730000,9.24772998046875,0
1751119832985667000,9.4076669921875,0
1751119833145656600,9.567656494140625,0
1751119833305641000,9.727640869140625,0
1751119833465645800,9.887645751953125,0
1751119833625634000,10.047634033203124,0
1751119833786267100,10.20826708984375,0
1751119833945661000,10.367660888671875,0
1751119834105651700,10.527651611328125,0
1751119834265714400,10.68771435546875,0
1751119834425666600,10.84766650390625,0
1751119834585640200,11.00764013671875,0
1751119834746253300,11.16825341796875,0
1751119834905636900,11.327636962890624,0
1751119835065635000,11.487635009765626,0
1751119835225633000,11.647633056640625,0
1751119835385634600,11.807634521484376,0
1751119835545651700,11.967651611328124,0
1751119835705950000,12.127949951171875,0
1751119835865705700,12.287705810546875,0
1751119836025658400,12.447658447265624,0
1751119836185569300,12.6075693359375,0
1751119836345671200,12.767671142578125,0
1751119836505634000,12.927634033203125,0
1751119836665576700,13.08757666015625,0
1751119836826214400,13.24821435546875,0
1751119836985641200,13.40764111328125,0
1751119837145642500,13.567642578125,0
1751119837305641700,13.727641845703126,0
1751119837465647900,13.88764794921875,0
1751119837625667000,14.0476669921875,0
1751119837785866800,14.20786669921875,0
1751119837945691600,14.367691650390626,0
1751119838105650000,14.52764990234375,0
1751119838265664000,14.6876640625,0
1751119838425656300,14.84765625,0
1751119838585638700,15.007638671875,0.07999999821186066
1751119838745955600,15.16795556640625,0.3400000035762787
1751119838905695000,15.327695068359375,0.3400000035762787
1751119839065637400,15.487637451171874,0.3400000035762787
1751119839225640000,15.647639892578125,0.5
1751119839385662200,15.807662109375,0
1751119839545656600,15.967656494140625,0
1751119839705711400,16.12771142578125,0.3400000035762787
1751119839865912300,16.287912353515626,0.17000000178813934
1751119840025651200,16.447651123046874,0.25
1751119840185638100,16.60763818359375,0.41999998688697815
1751119840345657000,16.767656982421876,0.5099999904632568
1751119840505634800,16.927634765625,0
1751119840665631500,17.087631591796875,0
1751119840826255400,17.24825537109375,0.3400000035762787
1751119840985649700,17.407649658203123,0.3400000035762787
1751119841145645600,17.5676455078125,0.25
1751119841305650700,17.727650634765624,0.3400000035762787
1751119841465643300,17.887643310546874,0.07999999821186066
1751119841625706800,18.047706787109377,0
1751119841785955600,18.20795556640625,0
1751119841945678800,18.367678955078127,0.07999999821186066
1751119842105638400,18.527638427734374,0.07999999821186066
1751119842265641700,18.687641845703126,0
1751119842425650700,18.847650634765625,0.07999999821186066
1751119842585645600,19.0076455078125,0
1751119842745633500,19.167633544921873,0
1751119842906256600,19.328256591796876,0
1751119843065651700,19.487651611328126,0
1751119843225662700,19.647662841796876,0
1751119843385610200,19.8076103515625,0
1751119843545664500,19.96766455078125,0
1751119843705648000,20.127648193359374,0
1751119843866269400,20.28826953125,0
1751119844025638000,20.447637939453124,0
1751119844185634300,20.60763427734375,0
1751119844345642200,20.767642333984377,0
1751119844505632500,20.927632568359375,0
1751119844665636400,21.08763623046875,0
1751119844825624300,21.247624267578125,0
1751119844985726500,21.4077265625,0
1751119845145668000,21.567668212890624,0
1751119845305648600,21.727648681640623,0
1751119845465641500,21.887641357421874,0
1751119845625699600,22.047699462890623,0
1751119845785568500,22.207568603515625,0
1751119845946263300,22.36826318359375,0
1751119846105637000,22.52763720703125,0
1751119846265640200,22.68764013671875,0
1751119846425648600,22.847648681640624,0
1751119846585646800,23.007646728515624,0
1751119846745651000,23.16765087890625,0
1751119846906150000,23.32814990234375,0
1751119847065354000,23.48735400390625,0
1751119847225650200,23.647650146484374,0
1751119847385634800,23.807634765625,0
1751119847545657300,23.9676572265625,0
1751119847705639200,24.12763916015625,0
1751119847865640700,24.287640625,0
1751119848025696300,24.4476962890625,0
1751119848185661400,24.607661376953125,0
1751119848345666000,24.767666015625,0
1751119848505654800,24.92765478515625,0
1751119848665650000,25.08764990234375,0
1751119848825821200,25.2478212890625,0
1751119848986252800,25.408252685546874,0
1751119849145669000,25.567669189453124,0
1751119849305658400,25.727658447265625,0
1751119849465638400,25.887638427734377,0
1751119849625658000,26.047658203125,0
1751119849785638700,26.207638671875,0
1751119849946273000,26.36827294921875,0
1751119850105674000,26.527674072265626,0
1751119850265645300,26.687645263671875,0
1751119850425619500,26.847619384765625,0
1751119850585684200,27.007684326171876,0
1751119850745657000,27.167656982421875,0
1751119850905638100,27.32763818359375,0
1751119851065666600,27.48766650390625,0
1751119851225630700,27.647630615234377,0
1751119851385633500,27.807633544921874,0
1751119851545644000,27.96764404296875,0
1751119851705631500,28.127631591796874,0
1751119851865588700,28.287588623046876,0
1751119852026235600,28.448235595703125,0
1751119852185657300,28.6076572265625,0
1751119852345655600,28.767655517578124,0
1751119852505658400,28.927658447265625,0
1751119852665631000,29.087630859375,0
1751119852825633800,29.2476337890625,0
1751119852986253800,29.40825390625,0
1751119853145647600,29.567647705078127,0
1751119853305638000,29.727637939453125,0
1751119853465632000,29.887632080078124,0
1751119853625542000,30.0475419921875,0
1751119853785685800,30.207685791015624,0
1751119853945649000,30.36764892578125,0
1751119854105670000,30.527669921875,0
1751119854265561300,30.687561279296876,0
1751119854425638700,30.847638671875,0
1751119854585646000,31.00764599609375,0
1751119854745654000,31.167654052734374,0
1751119854905596700,31.3275966796875,0
1751119855066217500,31.488217529296875,0
1751119855225648600,31.647648681640625,0
1751119855385642000,31.80764208984375,0
1751119855545652200,31.96765234375,0
1751119855705640200,32.12764013671875,0
1751119855865687000,32.28768701171875,0
1751119856026198500,32.448198486328124,0
1751119856185644800,32.607644775390625,0
1751119856345652000,32.76765185546875,0
1751119856505650700,32.92765063476563,0
1751119856665635000,33.08763500976563,0
1751119856825628700,33.24762866210938,0
1751119856985622300,33.40762231445313,0
1751119857145694200,33.567694091796874,0
1751119857305642200,33.72764233398438,0
1751119857465702000,33.887701904296875,0
1751119857625436400,34.0474365234375,0
1751119857785693400,34.207693359375,0
1751119857945661000,34.36766088867188,0
1751119858106289200,34.5282890625,0
1751119858265635000,34.68763500976563,0
1751119858425632300,34.84763232421875,0
1751119858585637600,35.0076376953125,0
1751119858745643000,35.16764306640625,0
1751119858905628200,35.327628173828124,0
1751119859066245600,35.48824560546875,0
1751119859225653200,35.6476533203125,0
1751119859385648600,35.80764868164062,0
1751119859545655600,35.96765551757812,0
1751119859705666600,36.12766650390625,0
1751119859865649200,36.28764916992188,0
1751119860025634800,36.447634765625,0
1751119860185704700,36.60770458984375,0
1751119860345658400,36.767658447265624,0
1751119860505642500,36.927642578125,0
1751119860665634300,37.08763427734375,0
1751119860825639700,37.2476396484375,0
1751119860985614000,37.407614013671875,0
1751119861145747000,37.56774682617188,0
1751119861305660700,37.72766064453125,0
1751119861465651000,37.88765087890625,0
1751119861625726200,38.04772631835937,0
1751119861785665300,38.20766528320313,0
1751119861945645600,38.3676455078125,0
1751119862106260500,38.528260498046876,0
1751119862265648000,38.68764819335937,0
1751119862425650000,38.84764990234375,0
1751119862585641200,39.00764111328125,0
1751119862745649400,39.1676494140625,0
1751119862905627600,39.32762768554687,0
1751119863066114300,39.4881142578125,0
1751119863225668000,39.64766821289062,0
1751119863385649700,39.807649658203125,0
1751119863545649000,39.96764892578125,0
1751119863705641000,40.12764086914063,0
1751119863865633300,40.28763330078125,0
1751119864025575200,40.4475751953125,0
1751119864186231000,40.60823095703125,0
1751119864345647900,40.76764794921875,0
1751119864505648600,40.927648681640626,0
1751119864665654800,41.08765478515625,0
1751119864825651700,41.24765161132812,0
1751119864985643500,41.4076435546875,0
1751119865145915100,41.5679150390625,0
1751119865305655000,41.727655029296876,0
1751119865465653200,41.8876533203125,0
1751119865625448700,42.04744873046875,0
1751119865785643500,42.2076435546875,0
1751119865945645800,42.36764575195313,0
1751119866105950200,42.5279501953125,0
1751119866265692000,42.68769189453125,0
1751119866425651700,42.847651611328125,0
1751119866585637600,43.0076376953125,0
1751119866745652500,43.16765258789062,0
1751119866905675500,43.32767553710938,0
1751119867065621200,43.48762133789062,0
1751119867226260500,43.648260498046874,0
1751119867385641500,43.80764135742187,0
1751119867545640000,43.96763989257813,0
1751119867705632800,44.1276328125,0
1751119867865634600,44.28763452148438,0
1751119868025628400,44.44762841796875,0
1751119868186305800,44.60830590820313,0
1751119868345638700,44.767638671875,0
1751119868505633000,44.92763305664062,0
1751119868665651200,45.087651123046875,0
1751119868825659100,45.2476591796875,0
1751119868985647000,45.407647216796875,0
1751119869145955300,45.567955322265625,0
1751119869305674200,45.72767431640625,0
1751119869465631500,45.887631591796875,0
1751119869625297000,46.047296875,0
1751119869785638400,46.20763842773437,0
1751119869945648600,46.367648681640624,0
1751119870105594400,46.527594482421875,0
1751119870265745400,46.687745361328126,0
1751119870425651000,46.84765087890625,0
1751119870585660400,47.00766040039063,0
1751119870745650700,47.16765063476562,0
1751119870905641200,47.32764111328125,0
1751119871065641000,47.48764086914063,0
1751119871226256600,47.64825659179687,0
1751119871385651000,47.80765087890625,0
1751119871545657900,47.967657958984375,0
1751119871705642500,48.127642578125,0
1751119871865678600,48.2876787109375,0
1751119872025650200,48.44765014648438,0
1751119872186160600,48.60816064453125,0
1751119872345482500,48.767482421875,0
1751119872505666800,48.927666748046875,0.07999999821186066
1751119872665634800,49.087634765625,0
1751119872825638700,49.247638671875,0
1751119872985647000,49.407647216796875,0
1751119873145624300,49.567624267578125,0
1751119873306263800,49.72826391601563,0
1751119873465658400,49.88765844726562,0.07999999821186066
1751119873625318100,50.047318115234376,0.07999999821186066
1751119873785666300,50.207666259765624,0
1751119873945681000,50.36768090820313,0
1751119874105676000,50.527676025390626,0
1751119874266258400,50.68825854492187,0
1751119874425635600,50.84763549804688,0.07999999821186066
1751119874585639200,51.00763916015625,0
1751119874745648000,51.167648193359376,0
1751119874905635300,51.32763525390625,0
1751119875065631200,51.48763134765625,0
1751119875225934300,51.64793432617188,0
1751119875385677300,51.80767724609375,0
1751119875545644500,51.96764453125,0
1751119875705655600,52.12765551757813,0
1751119875865642000,52.28764208984375,0
1751119876025663700,52.44766381835937,0
1751119876185604400,52.607604248046876,0
1751119876346231300,52.76823120117187,0
1751119876505638400,52.92763842773437,0
1751119876665634800,53.087634765625,0
1751119876825653000,53.24765307617187,0
1751119876985638700,53.407638671875,0
1751119877145635600,53.567635498046876,0
1751119877306287000,53.728287109375,0
1751119877465657600,53.88765771484375,0
1751119877625561600,54.0475615234375,0
1751119877785684200,54.20768432617187,0
1751119877945659000,54.36765893554688,0
1751119878105659100,54.5276591796875,0
1751119878265942800,54.68794287109375,0
1751119878425677800,54.847677734375,0
1751119878585652000,55.00765185546875,0
1751119878745651700,55.167651611328125,0
1751119878905642000,55.32764208984375,0
1751119879065652500,55.48765258789062,0
1751119879225606700,55.64760668945313,0
1751119879385774300,55.8077744140625,0
1751119879545654000,55.967654052734375,0
1751119879705631700,56.1276318359375,0
1751119879865633300,56.28763330078125,0
1751119880025635600,56.44763549804688,0
1751119880185630700,56.60763061523438,0
1751119880346250000,56.76825,0
1751119880505642200,56.92764233398437,0
1751119880665632500,57.087632568359375,0
1751119880825633500,57.247633544921875,0
1751119880985653500,57.40765356445313,0
1751119881145642000,57.56764208984375,0
1751119881306056400,57.72805639648438,0
1751119881465726500,57.8877265625,0
1751119881625660400,58.047660400390626,0
1751119881785645600,58.2076455078125,0
1751119881945640200,58.36764013671875,0
1751119882105632500,58.52763256835937,0
1751119882265573000,58.687572998046875,0
1751119882426230500,58.84823046875,0
1751119882585658600,59.00765869140625,0
1751119882745661700,59.16766162109375,0
1751119882905651200,59.32765112304688,0
1751119883065655800,59.48765576171875,0
1751119883225565200,59.647565185546874,0
1751119883386311400,59.8083115234375,0
1751119883545652700,59.96765283203125,0
1751119883705651200,60.127651123046874,0
1751119883865654000,60.287654052734375,0
1751119884025644500,60.44764453125,0
1751119884185630500,60.60763037109375,0
1751119884346005500,60.76800561523437,0
1751119884505714000,60.9277138671875,0
1751119884665633500,61.08763354492187,0
1751119884825633800,61.2476337890625,0
1751119884985706200,61.407706298828124,0
1751119885145644800,61.567644775390626,0
1751119885305575700,61.72757568359375,0
1751119885466232800,61.88823291015625,0
1751119885625466000,62.047466064453126,0
1751119885785636000,62.20763598632813,0
1751119885945637400,62.36763745117187,0
1751119886105640200,62.52764013671875,0
1751119886265665500,62.68766552734375,0
1751119886426254300,62.84825439453125,0
1751119886585641200,63.00764111328125,0
1751119886745680100,63.16768017578125,0
1751119886905654800,63.32765478515625,0
1751119887065637400,63.48763745117188,0
1751119887225630000,63.6476298828125,0
1751119887385934000,63.80793408203125,0
1751119887545675000,63.96767504882813,0
1751119887705638100,64.12763818359375,0
1751119887865642800,64.28764282226562,0
1751119888025647600,64.44764770507813,0
1751119888185637600,64.6076376953125,0
1751119888345779700,64.76777978515625,0
1751119888506215200,64.92821508789062,0
1751119888665657900,65.08765795898438,0
1751119888825653800,65.24765380859375,0
1751119888985649400,65.4076494140625,0
1751119889145672200,65.56767211914062,0
1751119889305632300,65.72763232421875,0
1751119889466243600,65.88824365234375,0
1751119889625631700,66.0476318359375,0
1751119889785638000,66.20763793945312,0
1751119889945675500,66.36767553710938,0
1751119890105635300,66.52763525390625,0
1751119890265642000,66.68764208984375,0
1751119890426073000,66.84807299804687,0
1751119890585675500,67.00767553710938,0
1751119890745647600,67.16764770507812,0
1751119890905634800,67.327634765625,0
1751119891065645300,67.48764526367188,0
1751119891225632000,67.64763208007813,0
1751119891385575000,67.80757495117187,0
1751119891546250200,67.96825024414062,0
1751119891705650700,68.12765063476563,0
1751119891865660200,68.28766015625,0
1751119892025639400,68.44763940429688,0
1751119892185674200,68.60767431640625,0
1751119892345658000,68.767658203125,0
1751119892506294000,68.9282939453125,0
1751119892665656800,69.08765673828125,0
1751119892825639700,69.2476396484375,0
1751119892985648400,69.4076484375,0
1751119893145650700,69.56765063476563,0
1751119893305645600,69.7276455078125,0
1751119893465956400,69.88795629882813,0
1751119893625715200,70.04771508789062,0
1751119893785657600,70.20765771484375,0
1751119893945661200,70.3676611328125,0
1751119894105663000,70.5276630859375,0
1751119894265659100,70.6876591796875,0
1751119894425599500,70.847599609375,0
1751119894586233300,71.0082333984375,0
1751119894745642000,71.16764208984375,0
1751119894905632500,71.32763256835938,0
1751119895065634600,71.48763452148438,0
1751119895225635600,71.64763549804688,0
1751119895385643500,71.8076435546875,0
1751119895545726700,71.96772680664063,0
1751119895705660200,72.12766015625,0
1751119895865687300,72.28768725585938,0
1751119896025655600,72.44765551757813,0
1751119896185633800,72.6076337890625,0
1751119896345652000,72.76765185546876,0
1751119896505948000,72.92794799804688,0
1751119896665664000,73.0876640625,0
1751119896825634600,73.24763452148437,0
1751119896985635600,73.40763549804687,0
1751119897145646600,73.567646484375,0
1751119897305648000,73.72764819335937,0
1751119897465667000,73.8876669921875,0
1751119897626248700,74.04824877929687,0
1751119897785664300,74.20766430664062,0
1751119897945656800,74.36765673828126,0
1751119898105649000,74.52764892578125,0
1751119898265643000,74.68764306640625,0
1751119898425633500,74.84763354492188,0
1751119898586261000,75.00826098632812,0
1751119898745656300,75.16765625,0
1751119898905640400,75.32764038085938,0
1751119899065645600,75.4876455078125,0
1751119899225662000,75.64766186523437,0
1751119899385735700,75.80773559570312,0
1751119899546031400,75.96803125,0
1751119899705682400,76.12768237304688,0
1751119899865638100,76.28763818359376,0
1751119900025635800,76.4476357421875,0
1751119900185633000,76.60763305664062,0
1751119900345641000,76.76764086914062,0
1751119900505634800,76.927634765625,0
1751119900666268400,77.08826831054688,0
1751119900825651500,77.2476513671875,0
1751119900985680400,77.40768041992187,0
1751119901145663700,77.56766381835938,0
1751119901305385000,77.72738500976563,0
1751119901465652500,77.88765258789063,0
1751119901626295800,78.0482958984375,0
1751119901785637000,78.20763720703125,0
1751119901945646300,78.36764624023438,0
1751119902105642200,78.52764233398437,0
1751119902265642000,78.68764208984375,0
1751119902425632800,78.8476328125,0
1751119902586100500,79.0081005859375,0
1751119902745694200,79.16769409179688,0
1751119902905652000,79.32765185546874,0
1751119903065677000,79.48767700195313,0
1751119903225701600,79.64770166015624,0
1751119903385650200,79.80765014648438,0
1751119903545636000,79.96763598632812,0
1751119903705921800,80.127921875,0
1751119903865639200,80.28763916015625,0
1751119904025634600,80.44763452148437,0
1751119904185635300,80.60763525390625,0
1751119904345670100,80.76767016601562,0
1751119904505639400,80.92763940429687,0
1751119904665648400,81.0876484375,0
1751119904825697800,81.24769775390625,0
1751119904985667300,81.40766723632812,0
1751119905145654500,81.56765454101563,0
1751119905305639700,81.7276396484375,0
1751119905465630700,81.88763061523437,0
1751119905625937000,82.04793701171874,0
1751119905785669400,82.20766943359375,0
1751119905945649200,82.36764916992188,0
1751119906105638000,82.52763793945313,0
1751119906265650000,82.68764990234375,0
1751119906425721300,82.84772143554687,0
1751119906585736200,83.00773608398437,0
1751119906746266400,83.16826635742187,0
1751119906905652000,83.32765185546874,0
1751119907065640200,83.48764013671875,0
1751119907225640400,83.64764038085937,0
1751119907385642500,83.807642578125,0
1751119907545641700,83.96764184570313,0
1751119907706258200,84.12825805664062,0
1751119907865659000,84.28765893554687,0
1751119908025681400,84.44768139648437,0
1751119908185686300,84.60768627929687,0
1751119908345639200,84.76763916015625,0
1751119908505474800,84.92747485351562,0
1751119908665966300,85.08796630859375,0
1751119908825686000,85.24768603515625,0
1751119908985651200,85.40765112304688,0
1751119909145647600,85.56764770507813,0
1751119909305645000,85.72764501953125,0
1751119909465638000,85.88763793945313,0
1751119909625582600,86.04758251953125,0
1751119909786279200,86.20827905273437,0
1751119909945675500,86.36767553710938,0
1751119910105678300,86.52767822265625,0
1751119910265677600,86.68767749023438,0
1751119910425646600,86.847646484375,0
1751119910585644300,87.00764428710937,0
1751119910746244400,87.16824438476563,0
1751119910905635800,87.3276357421875,0
1751119911065631700,87.4876318359375,0
1751119911225631000,87.647630859375,0
1751119911385632800,87.8076328125,0
1751119911545645300,87.96764526367187,0
1751119911705938200,88.12793823242187,0
1751119911865694200,88.28769409179688,0
1751119912025675300,88.44767529296875,0
1751119912185675000,88.60767504882813,0
1751119912345662200,88.767662109375,0
1751119912505645300,88.92764526367188,0
1751119912665572900,89.08757275390624,0
1751119912825885200,89.24788525390625,0
1751119912985640200,89.40764013671875,0
1751119913145638400,89.56763842773438,0
1751119913305642000,89.72764208984376,0
1751119913465651200,89.88765112304688,0
1751119913625652500,90.04765258789062,0
1751119913786167000,90.2081669921875,0
1751119913945682000,90.36768188476563,0
1751119914105670400,90.52767041015625,0
1751119914265647900,90.68764794921876,0
1751119914425646300,90.84764624023437,0
1751119914585640000,91.00763989257813,0
1751119914745956400,91.16795629882813,0
1751119914905695700,91.32769580078126,0
1751119915065660000,91.48765991210938,0
1751119915225632500,91.64763256835937,0
1751119915385645800,91.80764575195313,0
1751119915545685800,91.96768579101563,0
1751119915705770800,92.12777075195312,0
1751119915866253300,92.28825341796875,0
1751119916025662500,92.44766235351562,0
1751119916185649000,92.60764892578125,0
1751119916345646300,92.76764624023437,0
1751119916505630700,92.92763061523438,0
1751119916665629000,93.08762890625,0
1751119916826241300,93.2482412109375,0
1751119916985653500,93.40765356445313,0
1751119917145631000,93.567630859375,0
1751119917305653200,93.7276533203125,0
1751119917465649200,93.88764916992187,0
1751119917625653500,94.04765356445313,0
1751119917785645600,94.2076455078125,0
1751119917945677000,94.36767700195313,0
1751119918105634800,94.527634765625,0
1751119918265634300,94.68763427734375,0
1751119918425635000,94.84763500976563,0
1751119918585638100,95.00763818359376,0
1751119918745580300,95.16758032226562,0
1751119918906280700,95.32828076171874,0
1751119919065646300,95.48764624023437,0
1751119919225635800,95.6476357421875,0
1751119919385391400,95.80739135742188,0
1751119919545699800,95.96769995117188,0
1751119919705640000,96.12763989257813,0
1751119919866253000,96.28825317382812,0
1751119920025646600,96.447646484375,0
1751119920185633800,96.6076337890625,0
1751119920345651000,96.76765087890625,0
1751119920505630200,96.92763012695312,0
1751119920665643800,97.08764379882813,0
1751119920825999600,97.24799951171875,0
1751119920985673200,97.40767309570313,0
1751119921145745700,97.56774560546874,0
1751119921305641500,97.72764135742187,0
1751119921465646800,97.88764672851562,0
1751119921625684700,98.04768481445312,0
1751119921785583900,98.207583984375,0
1751119921945921300,98.36792138671875,0
1751119922105646300,98.52764624023438,0
1751119922265647400,98.6876474609375,0
1751119922425644000,98.84764404296875,0
1751119922585651700,99.00765161132813,0
1751119922745634000,99.16763403320313,0
1751119922906263300,99.32826318359375,0
1751119923065655800,99.48765576171876,0
1751119923225638400,99.64763842773438,0
1751119923385632800,99.8076328125,0
1751119923545640700,99.967640625,0
1751119923705630500,100.12763037109374,0
1751119923865987300,100.2879873046875,0
1751119924025677000,100.44767700195312,0
1751119924185638400,100.60763842773437,0
1751119924345643000,100.76764306640625,0
1751119924505653200,100.9276533203125,0
1751119924665624800,101.08762475585938,0
1751119924825664500,101.24766455078125,0
1751119924986247700,101.40824755859374,0
1751119925145662200,101.567662109375,0
1751119925305634800,101.727634765625,0
1751119925465634800,101.887634765625,0
1751119925625321700,102.04732177734375,0
1751119925785636000,102.20763598632813,0
1751119925946283300,102.368283203125,0
1751119926105661200,102.5276611328125,0
1751119926265660200,102.68766015625,0
1751119926425639200,102.84763916015625,0
1751119926585628400,103.00762841796875,0
1751119926745666300,103.16766625976562,0
1751119926905978600,103.327978515625,0
1751119927065704700,103.48770458984374,0
1751119927225649000,103.64764892578125,0
1751119927385640000,103.80763989257812,0
1751119927545652700,103.96765283203125,0
1751119927705638000,104.12763793945312,0
1751119927865622500,104.28762255859375,0
1751119928025722400,104.44772241210937,0
1751119928185617700,104.60761767578126,0
1751119928345699300,104.76769921875,0
1751119928505657600,104.92765771484375,0
1751119928665651200,105.08765112304687,0
1751119928825636900,105.24763696289062,0
1751119928986247400,105.40824731445312,0
1751119929145640400,105.56764038085937,0
1751119929305635800,105.7276357421875,0
1751119929465634000,105.88763403320313,0
1751119929625478100,106.04747802734374,0
1751119929785671200,106.20767114257812,0
1751119929946131500,106.36813134765625,0
1751119930105727700,106.52772778320312,0
1751119930265386500,106.68738647460937,0
1751119930425652700,106.84765283203124,0
1751119930585636900,107.00763696289063,0
1751119930745643300,107.16764331054688,0
1751119930905579800,107.32757983398437,0
1751119931066231000,107.48823095703125,0
1751119931225642500,107.647642578125,0
1751119931385635800,107.8076357421875,0
1751119931545661200,107.9676611328125,0
1751119931705627400,108.12762744140625,0
1751119931865644500,108.28764453125,0
1751119932026212600,108.44821264648438,0
1751119932185653200,108.6076533203125,0
1751119932345639400,108.76763940429687,0
1751119932505656300,108.92765625,0
1751119932665631000,109.087630859375,0
1751119932825634600,109.24763452148437,0
1751119932985960000,109.4079599609375,0
1751119933145710800,109.5677109375,0
1751119933305654000,109.72765405273438,0
1751119933465667800,109.88766772460937,0
1751119933625639400,110.04763940429687,0
1751119933785665000,110.2076650390625,0
1751119933945722000,110.36772216796875,0
1751119934105919200,110.52791918945313,0
1751119934265639400,110.68763940429687,0
1751119934425692000,110.84769189453125,0
1751119934585652500,111.00765258789062,0
1751119934745650700,111.16765063476562,0
1751119934905632300,111.32763232421875,0
1751119935066276400,111.4882763671875,0
1751119935225660400,111.64766040039062,0
1751119935385655000,111.80765502929688,0
1751119935545657600,111.96765771484375,0
1751119935705649200,112.12764916992188,0
1751119935865648400,112.2876484375,0
1751119936026002400,112.44800244140625,0
1751119936185670000,112.607669921875,0
1751119936345647400,112.7676474609375,0
1751119936505638000,112.92763793945312,0
1751119936665636900,113.08763696289063,0
1751119936825634800,113.247634765625,0
1751119936985617200,113.4076171875,0
1751119937145759700,113.567759765625,0
1751119937305651000,113.72765087890625,0
1751119937465389600,113.8873896484375,0
1751119937625657600,114.04765771484375,0
1751119937785636600,114.20763671875,0
1751119937945635600,114.36763549804688,0
1751119938106248200,114.52824829101563,0
1751119938265646600,114.687646484375,0
1751119938425650000,114.84764990234375,0
1751119938585654500,115.00765454101563,0
1751119938745653800,115.16765380859376,0
1751119938905639400,115.32763940429687,0
1751119939066153500,115.48815356445313,0
1751119939225704000,115.64770385742187,0
1751119939385632000,115.80763208007812,0
1751119939545666600,115.96766650390624,0
1751119939705656000,116.12765600585938,0
1751119939865646000,116.28764599609374,0
1751119940025576000,116.44757592773438,0
1751119940186217500,116.60821752929688,0
1751119940345652200,116.76765234375,0
1751119940505637000,116.92763720703125,0
1751119940665628000,117.0876279296875,0
1751119940825651000,117.24765087890626,0
1751119940985729000,117.40772900390625,0
1751119941146232000,117.56823217773437,0
1751119941305656600,117.72765649414063,0
1751119941465642500,117.887642578125,0
1751119941625760800,118.0477607421875,0
1751119941785632300,118.20763232421875,0
1751119941945640000,118.36763989257813,0
1751119942105930800,118.5279306640625,0
1751119942265688800,118.68768872070312,0
1751119942425651200,118.84765112304687,0
1751119942585654000,119.00765405273438,0
1751119942745668900,119.1676689453125,0
1751119942905661700,119.32766162109375,0
1751119943065598000,119.48759790039063,0
1751119943226210600,119.64821044921875,0
1751119943385633800,119.8076337890625,0
1751119943545651500,119.9676513671875,0
1751119943705632800,120.1276328125,0
1751119943865638400,120.28763842773438,0
1751119944025633500,120.44763354492187,0
1751119944186267000,120.60826684570313,0
1751119944345660000,120.76765991210938,0
1751119944505647900,120.92764794921875,0
1751119944665610000,121.08760986328124,0
1751119944825654800,121.24765478515624,0
1751119944985655000,121.40765502929688,0
1751119945145962800,121.56796264648438,0
1751119945305671700,121.72767163085938,0
1751119945465632300,121.88763232421876,0
1751119945625632300,122.04763232421875,0
1751119945785634600,122.20763452148438,0.10000000149011612
1751119945945647400,122.3676474609375,0.5799999833106995
1751119946105614800,122.52761474609375,3.0199999809265137
1751119946265707000,122.68770703125,6.429999828338623
1751119946425715500,122.84771557617188,5.360000133514404
1751119946585656000,123.00765600585937,2.049999952316284
1751119946745651700,123.16765161132813,1.659999966621399
1751119946837808000,123.25980810546875,1.0700000524520874
1751119946917819100,123.33981909179687,1.0700000524520874
1751119946998343700,123.42034375,1.2699999809265137
1751119947077853000,123.49985302734375,1.0700000524520874
1751119947157863700,123.57986376953124,1.0700000524520874
1751119947237791200,123.65979125976563,11.170000076293945
1751119947317799400,123.73979931640625,11.479999542236328
1751119947397803300,123.81980322265625,10.050000190734863
1751119947477804300,123.89980419921875,4.150000095367432
1751119947557829000,123.9798291015625,2.4000000953674316
1751119947720145700,124.14214575195312,0.20000000298023224
1751119947879552800,124.301552734375,0
1751119948039574000,124.46157397460938,1.5199999809265137
1751119948199654100,124.62165405273437,1
1751119948359555000,124.78155517578125,1
1751119948519554000,124.94155395507812,0
1751119948679982600,125.10198266601563,0
1751119948839648500,125.2616484375,0
1751119948999612400,125.4216123046875,0
1751119949159564300,125.58156420898437,0
1751119949319607300,125.74160717773438,0
1751119949479619300,125.90161938476562,0
1751119949639595300,126.06159521484375,0
1751119949799896800,126.22189672851563,0
1751119949959560200,126.38156030273437,0
1751119950119557600,126.5415576171875,0
1751119950279553500,126.70155346679688,0
1751119950439571000,126.86157104492187,0
1751119950599566300,127.02156640625,0
1751119950760188400,127.1821884765625,0
1751119950919652900,127.34165283203124,0
1751119951079643600,127.5016435546875,0
1751119951239605200,127.66160522460937,0
