time,seconds_elapsed,bearingAccuracy,speedAccuracy,verticalAccuracy,horizontalAccuracy,speed,bearing,altitude,longitude,latitude
1751120213285271800,2.544271728515625,9.919679641723633,0.5239274501800537,1.9051005840301514,4.539999961853027,1.3700000047683716,199,579.5999755859375,73.7173721,19.9841755
1751120213866927600,3.125927734375,20.213848114013672,0.765506386756897,1.910917043685913,4.677000045776367,1.3700015544891357,198.99998474121094,579.5999755859375,73.7173696,19.9841687
1751120214866772000,4.12577197265625,40.723175048828125,1.3172699213027954,1.6920398473739624,4.38100004196167,1.5604288578033447,207.14393615722656,579.5999755859375,73.7173676,19.9841555
1751120215867164700,5.12616455078125,15.397372245788574,1.1473883390426636,1.7020437717437744,4.232999801635742,2.2244341373443604,208.5638427734375,579.5999755859375,73.7173656,19.9841442
1751120216866607600,6.125607666015625,31.96094512939453,1.234908938407898,1.712038278579712,4.144000053405762,2.071436643600464,211.1927947998047,579.5999755859375,73.7173549,19.9841359
1751120217866775000,7.125775146484375,22.355302810668945,0.8628441095352173,1.7220399379730225,4.085000038146973,2.075031280517578,216.2549285888672,579.5999755859375,73.7173436,19.984125
1751120218866871000,8.12587109375,22.0855655670166,0.9280086159706116,1.7320408821105957,3.9600000381469727,2.1280276775360107,219.42140197753906,579.5999755859375,73.7173312,19.9841123
1751120219867298000,9.126298095703126,180,1.5,1.3359211683273315,4.245999813079834,2.095233917236328,219.40951538085938,579.7999877929688,73.7173257,19.9841055
1751120220004379100,9.263379150390625,180,1.5,1.3359211683273315,4.63100004196167,2.067065954208374,219.44619750976562,579.7999877929688,73.7173264,19.9841065
1751120220867030800,10.12603076171875,88.68037414550781,0.26087021827697754,1.3459184169769287,4.9070000648498535,1.7850068807601929,213.53057861328125,579.7999877929688,73.7173214,19.9840997
1751120221087502000,10.346502197265625,68.57476806640625,0.1721642166376114,1.3459184169769287,5.302999973297119,1.7048653364181519,208.3787078857422,579.7999877929688,73.7173218,19.9840977
1751120221506814200,10.765814208984375,69.24990844726562,0.22825339436531067,1.3459184169769287,5.563000202178955,1.662925362586975,213.18313598632812,579.7999877929688,73.7173197,19.9840938
1751120221866769200,11.12576904296875,56.07562255859375,0.22598905861377716,1.355915904045105,5.953000068664551,1.666555643081665,227.5293426513672,579.7999877929688,73.7173149,19.9840906
1751120222081667800,11.340667724609375,44.974910736083984,0.16016142070293427,1.355915904045105,6.054999828338623,1.6358777284622192,232.31231689453125,579.7999877929688,73.7173119,19.9840881
1751120222520217600,11.779217529296876,45.319576263427734,0.21588775515556335,1.355915904045105,6.208000183105469,1.6143132448196411,236.16421508789062,579.7999877929688,73.7173066,19.9840845
1751120222866768600,12.1257685546875,36.76478576660156,0.19974596798419952,1.3659158945083618,6.263999938964844,1.5873417854309082,241.98245239257812,579.7999877929688,73.7172999,19.9840823
1751120223107835100,12.366835205078125,31.272972106933594,0.17518246173858643,1.3659158945083618,6.543000221252441,1.5671030282974243,242.63877868652344,579.7999877929688,73.7172955,19.9840804
1751120223583707100,12.84270703125,31.309179306030273,0.23008210957050323,1.3659158945083618,6.620999813079834,1.5491937398910522,244.01158142089844,579.7999877929688,73.7172885,19.9840773
1751120223867320800,13.12632080078125,22.708925247192383,0.20299266278743744,1.375921368598938,6.835999965667725,1.4774587154388428,246.98133850097656,579.7999877929688,73.7172824,19.9840763
1751120224120074500,13.379074462890625,21.63997459411621,0.2193792462348938,1.375921368598938,6.798999786376953,1.4604485034942627,242.91441345214844,579.7999877929688,73.7172773,19.9840751
1751120224866617600,14.12561767578125,18.44080352783203,0.21741260588169098,1.3859143257141113,6.749000072479248,1.443687915802002,189.5576934814453,579.7999877929688,73.7172669,19.9840708
1751120225125081300,14.384081298828125,19.267763137817383,0.19381991028785706,1.3859143257141113,6.790999889373779,1.4047445058822632,165.64483642578125,579.7999877929688,73.7172668,19.9840676
1751120225681853200,14.940853271484375,21.660024642944336,0.24444293975830078,1.3859143257141113,6.76800012588501,1.4266541004180908,125.50467681884766,579.7999877929688,73.7172708,19.9840617
1751120225866553300,15.12555322265625,19.277944564819336,0.25887706875801086,1.3959137201309204,6.692999839782715,1.8061741590499878,122.55347442626953,579.7999877929688,73.7172714,19.9840622
1751120226257309700,15.516309814453125,17.9428653717041,0.20421788096427917,1.3959137201309204,6.626999855041504,1.7340480089187622,115.17681121826172,579.7999877929688,73.7172776,19.9840589
1751120226666355500,15.92535546875,17.996522903442383,0.25649914145469666,1.3959137201309204,6.494999885559082,1.7205052375793457,112.89762878417969,579.7999877929688,73.7172843,19.9840563
1751120226866977000,16.12597705078125,16.123098373413086,0.22197061777114868,1.4059178829193115,6.355000019073486,1.7507896423339844,112.86620330810547,579.7999877929688,73.7172863,19.9840545
1751120227152313600,16.411313720703124,16.36728858947754,0.20257218182086945,1.0929279327392578,6.267000198364258,1.6369502544403076,111.64688110351562,579.7999877929688,73.7172898,19.9840521
1751120227342064400,16.601064453125,15.964838027954102,0.20150646567344666,1.0929279327392578,6.132999897003174,1.6418753862380981,109.75715637207031,579.7999877929688,73.7173026,19.984047
1751120227866485000,17.125485107421873,15.031534194946289,0.22094663977622986,1.102923035621643,5.942999839782715,1.5388859510421753,113.75081634521484,579.7999877929688,73.7173051,19.9840448
1751120227978095600,17.237095703125,14.976516723632812,0.22094663977622986,1.102923035621643,5.803999900817871,1.5354493856430054,114.71925354003906,579.7999877929688,73.7173053,19.9840442
1751120228277535700,17.53653564453125,13.472949028015137,0.23312142491340637,1.102923035621643,5.676000118255615,1.5622589588165283,118.09134674072266,579.7999877929688,73.717309,19.9840424
1751120228866524400,18.1255244140625,15.127411842346191,0.2347535789012909,1.112923502922058,5.501999855041504,1.4684276580810547,124.74698638916016,579.7999877929688,73.7173153,19.9840376
1751120229043173600,18.302173583984374,15.227412223815918,0.2347535789012909,1.112923502922058,5.433000087738037,1.465593934059143,125.7641830444336,579.7999877929688,73.717317,19.9840359
1751120229479804000,18.738803955078126,15.767218589782715,0.2458193302154541,1.112923502922058,5.3460001945495605,1.5871970653533936,126.71804809570312,579.7999877929688,73.7173233,19.9840322
1751120229867302100,19.12630224609375,15.348651885986328,0.24458114802837372,1.1229312419891357,5.263999938964844,1.5018107891082764,127.1280517578125,579.7999877929688,73.717328,19.9840288
1751120230246020000,19.50502001953125,15.680839538574219,0.1941407322883606,1.1229312419891357,5.177000045776367,1.6529179811477661,126.04834747314453,579.7999877929688,73.7173341,19.9840247
1751120230867337200,20.126337158203125,12.967089653015137,0.21139118075370789,1.1329315900802612,5.040999889373779,1.6177332401275635,128.13827514648438,579.7999877929688,73.7173432,19.9840186
1751120231380503000,20.6395029296875,13.149867057800293,0.19239187240600586,1.1329315900802612,5.0320000648498535,1.767324447631836,128.40811157226562,579.7999877929688,73.7173516,19.9840132
1751120231818465500,21.077465576171875,13.134078025817871,0.23601903021335602,1.1329315900802612,5.041999816894531,1.774973750114441,128.1675262451172,579.7999877929688,73.7173588,19.9840082
1751120231866975700,21.125975830078126,12.578516960144043,0.20484259724617004,1.1429280042648315,5.052000045776367,1.7221275568008423,127.4501724243164,579.7999877929688,73.71736,19.9840079
1751120232165150000,21.42414990234375,12.711441993713379,0.22142280638217926,1.1429280042648315,5.0929999351501465,1.81256902217865,126.79044342041016,579.7999877929688,73.7173652,19.984005
1751120232621888500,21.880888427734376,12.684593200683594,0.22142280638217926,1.1429280042648315,5.163000106811523,1.820539951324463,127.31615447998047,579.7999877929688,73.7173727,19.9840001
1751120232866716200,22.125716064453126,12.099214553833008,0.2284165620803833,1.1529253721237183,5.2129998207092285,1.7398968935012817,127.17554473876953,579.7999877929688,73.7173771,19.9839979
1751120232940663300,22.199663330078124,12.128653526306152,0.2284165620803833,1.1529253721237183,5.230000019073486,1.7333678007125854,127.39325714111328,579.7999877929688,73.7173785,19.9839973
1751120233379872500,22.63887255859375,12.250524520874023,0.2344673126935959,1.1529253721237183,5.328000068664551,1.8596971035003662,127.30279541015625,579.7999877929688,73.7173861,19.9839929
1751120233596557300,22.855557373046874,12.352757453918457,0.2344673126935959,1.0242971181869507,5.369999885559082,1.868404746055603,128.080078125,579.5,73.717392,19.9839901
1751120233866937900,23.125937744140625,11.829259872436523,0.20860134065151215,1.034299373626709,5.416999816894531,1.8324048519134521,128.4927215576172,579.5,73.7174016,19.9839838
1751120234462952200,23.7219521484375,12.625938415527344,0.24518536031246185,1.034299373626709,5.494999885559082,1.978567123413086,127.4075927734375,579.5,73.717409,19.9839797
1751120234886230800,24.145230712890626,12.666419982910156,0.24518536031246185,1.034299373626709,5.623000144958496,1.9866338968276978,126.92768096923828,579.5,73.7174154,19.9839757
1751120235626888400,24.885888427734375,12.067901611328125,0.25129714608192444,1.0442993640899658,5.691999912261963,2.0716354846954346,124.03605651855469,579.5,73.71743,19.9839671
1751120235867116000,25.126115966796874,10.193058967590332,0.22344233095645905,1.054301142692566,5.710000038146973,2.0685317516326904,123.30447387695312,579.5,73.7174365,19.9839636
1751120235984925700,25.24392578125,10.193058967590332,0.22344233095645905,1.054301142692566,5.769000053405762,2.0679807662963867,123.2506332397461,579.5,73.7174396,19.9839619
1751120236383184600,25.6421845703125,9.591567039489746,0.21619760990142822,1.054301142692566,5.828000068664551,2.12567400932312,124.06387329101562,579.5,73.7174483,19.9839568
1751120236760338200,26.019338134765626,9.74617862701416,0.2575477659702301,1.054301142692566,5.869999885559082,2.132478952407837,124.9422836303711,579.5,73.7174563,19.9839518
1751120236867330600,26.12633056640625,9.187634468078613,0.22318144142627716,1.0643032789230347,5.927999973297119,2.115777015686035,125.49932098388672,579.5,73.7174598,19.9839495
1751120237179469600,26.438469482421876,8.93546199798584,0.17479553818702698,1.0643032789230347,5.959000110626221,2.151322364807129,126.64396667480469,579.5,73.717467,19.9839446
1751120237585833700,26.844833740234375,9.326472282409668,0.22930729389190674,1.0643032789230347,5.97599983215332,2.1587975025177,129.6751251220703,579.5,73.7174753,19.9839387
1751120237866477800,27.125477783203124,9.794560432434082,0.22853638231754303,1.0742948055267334,5.9670000076293945,2.1355440616607666,133.11770629882812,579.5,73.7174817,19.9839335
1751120238340977700,27.599977783203126,9.214232444763184,0.18518215417861938,1.0742948055267334,6.035999774932861,2.139397621154785,137.29208374023438,579.5,73.7174905,19.9839259
1751120238867164700,28.12616455078125,9.100064277648926,0.20130425691604614,1.0843015909194946,6.051000118255615,2.119992733001709,139.0116424560547,579.5,73.7175,19.9839164
1751120239107446500,28.366446533203124,9.150331497192383,0.19614098966121674,1.0843015909194946,6.033999919891357,2.1509287357330322,138.35609436035156,579.5,73.7175044,19.9839119
1751120239864141300,29.123141357421876,9.564830780029297,0.2411283403635025,1.0843015909194946,6.039999961853027,2.1457645893096924,133.70297241210938,579.5,73.7175166,19.9838998
1751120239867166700,29.126166748046874,9.382245063781738,0.21668915450572968,1.094301700592041,6.01800012588501,2.130866765975952,133.43150329589844,579.5,73.7175181,19.9838992
1751120240320185000,29.57918505859375,9.55306625366211,0.24147829413414001,1.094301700592041,5.989999771118164,2.1526167392730713,131.30657958984375,579.5,73.7175266,19.9838925
1751120240876131600,30.135131591796874,9.490708351135254,0.291217565536499,1.104296326637268,5.980000019073486,2.155499219894409,129.4484100341797,579.5,73.7175369,19.9838848
1751120241086717700,30.3457177734375,8.959522247314453,0.20785140991210938,1.104296326637268,5.973999977111816,2.1956968307495117,128.33958435058594,579.5,73.7175429,19.9838815
1751120241862534400,31.121534423828123,9.336525917053223,0.29988348484039307,1.104296326637268,5.948999881744385,2.213766574859619,129.52268981933594,579.5,73.7175583,19.9838708
1751120241866779000,31.12577880859375,8.961779594421387,0.24786755442619324,1.1142977476119995,5.934999942779541,2.185243844985962,128.9114532470703,579.5,73.7175603,19.9838705
1751120242636826600,31.89582666015625,9.457791328430176,0.23524746298789978,1.1142977476119995,5.938000202178955,2.185624122619629,127.6340103149414,579.5,73.7175758,19.98386
1751120242866536400,32.12553637695312,6.805388450622559,0.21503722667694092,1.1242953538894653,5.795000076293945,2.158078193664551,124.38851165771484,579.5,73.7175881,19.9838567
1751120243423135000,32.682135009765624,7.010120868682861,0.1893286406993866,1.1242953538894653,5.658999919891357,2.1932618618011475,124.83876037597656,579.5,73.717603,19.983849
1751120243740616000,32.999615966796874,8.69637680053711,0.21871338784694672,1.1242953538894653,5.566999912261963,2.1795105934143066,125.4374008178711,579.5,73.7176111,19.9838446
1751120243866964500,33.125964599609375,7.012786865234375,0.19975873827934265,1.134299635887146,5.409999847412109,2.1669859886169434,126.798095703125,579.5,73.7176156,19.9838416
1751120244199782000,33.458781982421876,7.016787528991699,0.2128557562828064,1.134299635887146,5.22599983215332,2.1908228397369385,127.9917221069336,579.5,73.7176231,19.9838364
1751120244867395000,34.12639501953125,7.382265567779541,0.2230791449546814,1.1443039178848267,4.934999942779541,2.1762030124664307,129.8243865966797,579.5,73.7176369,19.9838253
1751120244985109800,34.24410986328125,8.90540885925293,0.2230791449546814,1.1443039178848267,4.802999973297119,2.1761019229888916,129.40635681152344,579.5,73.7176397,19.9838229
1751120245866594800,35.1255947265625,8.823630332946777,0.22614088654518127,1.1542959213256836,4.573999881744385,2.1972813606262207,127.11966705322266,579.5,73.7176581,19.9838082
1751120246018815500,35.2778154296875,8.81325912475586,0.22614088654518127,1.1542959213256836,4.322000026702881,2.197744369506836,126.787841796875,579.5,73.7176619,19.9838054
1751120246466901800,35.72590185546875,9.273539543151855,0.22359298169612885,1.1542959213256836,4.118000030517578,2.2214038372039795,126.03304290771484,579.5,73.7176712,19.983799
1751120246824386600,36.08338647460938,9.174417495727539,0.22359298169612885,1.1542959213256836,4.065000057220459,2.2223522663116455,126.3897705078125,579.5,73.7176786,19.983794
1751120246867471000,36.12647119140625,6.992583274841309,0.194972962141037,1.1643047332763672,3.677000045776367,2.2220280170440674,127.18822479248047,579.5,73.7176804,19.9837922
1751120247242908700,36.50190869140625,7.365680694580078,0.17985019087791443,1.1643047332763672,3.628999948501587,2.253547191619873,127.73052978515625,579.5,73.7176884,19.9837863
1751120247866965000,37.12596508789063,6.864020824432373,0.20637206733226776,1.1742995977401733,3.3589999675750732,2.2538392543792725,126.48582458496094,579.5,73.717702,19.9837756
1751120247958498600,37.21749853515625,6.864020824432373,0.20637206733226776,1.1742995977401733,3.3340001106262207,2.2537765502929688,126.45547485351562,579.5,73.7177046,19.9837736
1751120248703953400,37.96295336914063,8.510547637939453,0.265647292137146,1.1742995977401733,3.2720000743865967,2.324972152709961,124.96537017822266,579.5,73.7177199,19.9837627
1751120248867285000,38.12628491210938,6.696914196014404,0.2314121127128601,1.184302806854248,3.1519999504089355,2.3522746562957764,126.11273956298828,579.5,73.7177245,19.9837581
1751120249439135500,38.698135498046874,6.9893798828125,0.23713605105876923,1.184302806854248,3.122999906539917,2.384507179260254,126.5700454711914,579.5,73.7177365,19.9837484
1751120249866906400,39.12590625,6.578098773956299,0.24588394165039062,1.1942991018295288,3.114000082015991,2.395556688308716,127.64434051513672,579.5,73.7177467,19.9837387
1751120250483598000,39.74259814453125,7.203577518463135,0.22625260055065155,1.1942991018295288,3.111999988555908,2.3992834091186523,131.80868530273438,579.5,73.7177598,19.9837273
1751120250867132700,40.126132568359374,6.515801429748535,0.20142637193202972,1.204301357269287,3.111999988555908,2.4173007011413574,139.4375457763672,579.5,73.7177682,19.9837176
1751120250924898300,40.183898193359376,6.697658061981201,0.24967524409294128,1.204301357269287,3.1059999465942383,2.4105899333953857,139.78578186035156,579.5,73.7177697,19.9837152
1751120251238881500,40.497881591796876,6.565243721008301,0.17829056084156036,1.204301357269287,3.11299991607666,2.428156614303589,145.13082885742188,579.5,73.7177748,19.9837084
1751120251637953800,40.89695385742188,7.0605621337890625,0.22493693232536316,1.204301357269287,3.125999927520752,2.4250600337982178,145.84344482421875,579.5,73.7177807,19.9836998
1751120251866866200,41.1258662109375,6.581823825836182,0.20127688348293304,1.2142986059188843,3.0989999771118164,2.4496328830718994,140.66090393066406,579.5,73.717786,19.9836933
1751120251985283000,41.24428295898438,6.581823825836182,0.20127688348293304,1.2142986059188843,3.0989999771118164,2.452522039413452,140.3218231201172,579.5,73.7177889,19.9836901
1751120252742458600,42.001458740234376,7.0349297523498535,0.26305967569351196,1.2142986059188843,3.13100004196167,2.4582183361053467,128.58151245117188,579.5,73.7178033,19.9836761
1751120252867137300,42.12613720703125,6.541724681854248,0.22392307221889496,1.2243013381958008,3.13100004196167,2.4708266258239746,127.88028717041016,579.5,73.7178083,19.9836728
1751120253478549000,42.73754907226562,6.4047369956970215,0.22030001878738403,1.2243013381958008,3.13700008392334,2.4270596504211426,127.59248352050781,579.5,73.7178227,19.9836629
1751120253904056000,43.16305615234375,6.626731872558594,0.25601476430892944,1.2243013381958008,3.1489999294281006,2.428818941116333,127.40445709228516,579.5,73.7178323,19.9836563
1751120254003133200,43.26213330078125,6.489507675170898,0.16207146644592285,1.1671684980392456,3.138000011444092,2.465256452560425,126.37682342529297,579.7999877929688,73.7178403,19.9836501
1751120254639934000,43.898933837890624,6.667768478393555,0.2181667983531952,1.1671684980392456,3.1429998874664307,2.45074462890625,126.1077651977539,579.7999877929688,73.7178601,19.9836356
1751120254867369500,44.126369384765624,6.704524517059326,0.19314737617969513,1.177176833152771,3.1610000133514404,2.4607667922973633,124.3984603881836,579.7999877929688,73.7178608,19.9836352
1751120255347541800,44.60654174804687,6.666138172149658,0.1630602329969406,1.177176833152771,3.177999973297119,2.4391140937805176,122.11664581298828,579.7999877929688,73.7178695,19.9836302
1751120255866591500,45.12559155273438,6.949009895324707,0.1922043412923813,1.187169075012207,3.2149999141693115,2.4654643535614014,118.27666473388672,579.7999877929688,73.7178811,19.9836237
1751120256362494500,45.621494384765626,7.20853328704834,0.20099295675754547,1.187169075012207,3.305000066757202,2.43247127532959,116.58362579345703,579.7999877929688,73.7178923,19.983618
1751120256819163400,46.07816333007813,9.136006355285645,0.25093865394592285,1.187169075012207,3.364000082015991,2.433959484100342,113.41057586669922,579.7999877929688,73.7179031,19.9836132
1751120256867197700,46.12619775390625,9.4226713180542,0.25093865394592285,1.1971697807312012,3.4240000247955322,2.4347355365753174,112.39569854736328,579.7999877929688,73.7179046,19.9836126
1751120257584538000,46.8435380859375,9.244488716125488,0.21492703258991241,1.1971697807312012,3.572000026702881,2.4624204635620117,110.13607025146484,579.7999877929688,73.7179227,19.9836052
1751120257882162400,47.141162353515625,9.572497367858887,0.25818192958831787,1.1971697807312012,3.7290000915527344,2.4493117332458496,110.73416900634766,579.7999877929688,73.7179306,19.9836021
1751120258617456600,47.87645654296875,9.67617130279541,0.2034667581319809,1.2071692943572998,3.88100004196167,2.48279070854187,112.36136627197266,579.7999877929688,73.71795,19.9835929
1751120258866961200,48.125961181640626,9.256781578063965,0.1852029711008072,1.2171727418899536,3.944999933242798,2.523221492767334,112.69752502441406,579.7999877929688,73.7179583,19.9835882
1751120259325677300,48.58467724609375,9.949387550354004,0.16054938733577728,1.2171727418899536,4.078999996185303,2.499633550643921,110.14173126220703,579.7999877929688,73.7179709,19.9835825
1751120259722654000,48.98165405273438,9.660789489746094,0.21363948285579681,1.2171727418899536,4.25,2.495152711868286,108.17366790771484,579.7999877929688,73.7179816,19.9835787
1751120259867144000,49.12614404296875,9.456561088562012,0.19827032089233398,1.2271746397018433,4.315999984741211,2.544597625732422,107.0980224609375,579.7999877929688,73.717987,19.9835755
1751120260727040300,49.986040283203124,9.396849632263184,0.23640169203281403,1.2271746397018433,4.5929999351501465,2.5343244075775146,105.42127227783203,579.7999877929688,73.71801,19.9835671
1751120260866928400,50.12592846679688,8.869855880737305,0.21042519807815552,1.2371724843978882,4.735000133514404,2.605250358581543,106.97264099121094,579.7999877929688,73.7180164,19.9835628
1751120261124306200,50.38330615234375,9.009760856628418,0.19674108922481537,1.2371724843978882,4.801000118255615,2.6043407917022705,108.43775939941406,579.7999877929688,73.7180244,19.9835585
1751120261799869700,51.05886962890625,9.803326606750488,0.282243549823761,1.2371724843978882,4.982999801635742,2.603217124938965,109.07412719726562,579.7999877929688,73.7180427,19.9835512
1751120261867083000,51.1260830078125,10.07116985321045,0.25610437989234924,1.2471740245819092,5.202000141143799,2.8361570835113525,109.18666076660156,579.7999877929688,73.7180484,19.9835476
1751120262526958600,51.78595849609375,10.215746879577637,0.28522881865501404,1.2471740245819092,5.309999942779541,2.9433627128601074,108.9185791015625,579.7999877929688,73.7180701,19.9835386
1751120262866561000,52.12556103515625,4.440815448760986,0.14485223591327667,1.2571687698364258,5.232999801635742,3.3858578205108643,107.26425170898438,579.7999877929688,73.7181034,19.983528
1751120263442537700,52.70153784179688,5.898701190948486,0.19966864585876465,1.2571687698364258,5.166999816894531,3.3709216117858887,106.2509765625,579.7999877929688,73.7181334,19.9835179
1751120263866651600,53.125651611328124,3.494147777557373,0.1611442118883133,1.267169713973999,5.0320000648498535,3.535862922668457,100.75210571289062,579.7999877929688,73.7181587,19.9835131
1751120264098775800,53.35777587890625,3.804637908935547,0.1879083514213562,1.267169713973999,4.90500020980835,3.443601369857788,98.80013275146484,579.7999877929688,73.7181714,19.9835112
1751120264545764000,53.80476416015625,3.9725747108459473,0.23083044588565826,1.267169713973999,4.750999927520752,3.4388227462768555,96.64666748046875,579.7999877929688,73.7181903,19.9835087
1751120264866545700,54.12554565429687,3.742506504058838,0.19115905463695526,1.27716863155365,4.572000026702881,3.750833034515381,91.8003921508789,579.7999877929688,73.7182086,19.9835074
1751120265440563500,54.6995634765625,4.283881187438965,0.22692503035068512,1.27716863155365,4.409999847412109,3.645733594894409,85.5654525756836,579.7999877929688,73.7182345,19.9835079
1751120265859417000,55.1184169921875,6.199356555938721,0.25557002425193787,1.27716863155365,4.204999923706055,3.6525323390960693,83.13963317871094,579.7999877929688,73.7182526,19.9835097
1751120265866615800,55.12561572265625,4.030938625335693,0.22170394659042358,1.287169337272644,4.11899995803833,3.800907611846924,82.74996948242188,579.7999877929688,73.7182583,19.9835089
1751120266843719200,56.10271923828125,6.260313987731934,0.30054691433906555,1.287169337272644,3.6440000534057617,3.6865487098693848,76.33214569091797,579.7999877929688,73.7182999,19.9835146
1751120266866721300,56.12572119140625,5.860113143920898,0.24414251744747162,1.2971704006195068,3.5940001010894775,3.926206588745117,76.61058044433594,579.7999877929688,73.7183084,19.9835138
1751120267279854000,56.53885400390625,5.670623779296875,0.24512672424316406,1.2971704006195068,3.36899995803833,3.693938732147217,75.15682220458984,579.7999877929688,73.7183272,19.9835174
1751120267867051000,57.12605102539062,3.9880874156951904,0.2501735985279083,1.307173728942871,3.071000099182129,3.994476795196533,72.26887512207031,579.7999877929688,73.7183591,19.9835224
1751120267966864600,57.22586474609375,4.174932479858398,0.2928735017776489,1.307173728942871,3.065000057220459,4.004636287689209,72.27107238769531,579.7999877929688,73.7183666,19.9835234
1751120268883824000,58.14282421875,6.062343597412109,0.27320796251296997,1.307173728942871,3.0350000858306885,3.6745195388793945,64.88593292236328,579.7999877929688,73.7184006,19.9835353
1751120269299190800,58.55819067382812,6.304661273956299,0.2267005443572998,1.3171716928482056,3.0460000038146973,3.6982738971710205,65.48103332519531,579.7999877929688,73.7184209,19.9835411
1751120269597607000,58.85660693359375,6.308285236358643,0.2267005443572998,1.3171716928482056,3.072000026702881,3.697510004043579,64.54969787597656,579.7999877929688,73.718434,19.9835456
1751120269867166200,59.126166259765625,6.4578776359558105,0.21514803171157837,1.3271747827529907,3.072000026702881,3.9601330757141113,63.172245025634766,579.7999877929688,73.7184509,19.983553
1751120270264579600,59.52357958984375,6.359997749328613,0.2593269646167755,1.3271747827529907,3.0769999027252197,3.7403483390808105,62.38324737548828,579.7999877929688,73.7184687,19.9835612
1751120270642343200,59.90134326171875,6.663502216339111,0.2593269646167755,1.3271747827529907,3.1040000915527344,3.7236263751983643,60.25986862182617,579.7999877929688,73.7184837,19.9835687
1751120270866655200,60.1256552734375,6.347076892852783,0.26786351203918457,1.3371697664260864,3.11299991607666,3.9424352645874023,57.52920913696289,579.7999877929688,73.7184962,19.9835767
1751120271318334700,60.57733471679688,6.305588722229004,0.2142934650182724,1.3371697664260864,3.1040000915527344,3.676654100418091,57.69251251220703,579.7999877929688,73.7185145,19.9835878
1751120271867440000,61.126440185546876,6.171370983123779,0.2229107767343521,1.3471776247024536,3.1040000915527344,3.8910396099090576,58.954742431640625,579.7999877929688,73.7185389,19.9836028
1751120271962591700,61.221591796875,6.660293102264404,0.25779521465301514,1.3471776247024536,3.0959999561309814,3.892597198486328,58.984195709228516,579.7999877929688,73.7185447,19.9836062
1751120272601020200,61.86002026367188,6.607041358947754,0.23763422667980194,1.3471776247024536,3.1080000400543213,3.6832520961761475,59.62997817993164,579.7999877929688,73.7185681,19.9836187
1751120272866901200,62.1259013671875,6.189138412475586,0.21455207467079163,1.3571721315383911,3.0999999046325684,3.87878680229187,60.37782669067383,579.7999877929688,73.718582,19.9836267
1751120273485547000,62.74454711914063,6.482382297515869,0.23444363474845886,1.3571721315383911,3.1080000400543213,3.7376010417938232,62.26649475097656,579.7999877929688,73.7186062,19.9836393
1751120273867121000,63.12612084960937,6.737061023712158,0.23283763229846954,1.3671743869781494,3.0999999046325684,3.894958972930908,65.31462097167969,579.7999877929688,73.7186249,19.9836489
1751120274121818000,63.380818115234376,6.738776206970215,0.1927747130393982,1.298059344291687,3.0769999027252197,3.7445735931396484,65.54447937011719,578.7000122070312,73.7186361,19.9836538
1751120274799942400,64.0589423828125,6.6817193031311035,0.2782343327999115,1.298059344291687,3.069000005722046,3.7355873584747314,65.54078674316406,578.7000122070312,73.7186621,19.9836647
1751120274867273200,64.12627319335938,4.475882530212402,0.26884764432907104,1.3080607652664185,3.069000005722046,4.01959753036499,64.83068084716797,578.7000122070312,73.7186694,19.9836685
1751120275186801400,64.44580151367188,5.957483291625977,0.21071353554725647,1.3080607652664185,3.063999891281128,3.839747428894043,67.00753784179688,578.7000122070312,73.7186833,19.9836748
1751120275804052700,65.063052734375,6.4158501625061035,0.2577679753303528,1.3080607652664185,3.062999963760376,3.829145908355713,71.04386901855469,578.7000122070312,73.718708,19.9836843
1751120275867111700,65.12611157226563,6.1049652099609375,0.2685537338256836,1.3180592060089111,3.062999963760376,3.9112389087677,71.2359619140625,578.7000122070312,73.7187139,19.9836875
1751120276440171500,65.69917163085937,6.584405422210693,0.2500513195991516,1.3180592060089111,3.0940001010894775,3.7164127826690674,71.28047180175781,578.7000122070312,73.7187376,19.9836957
1751120276866496500,66.12549658203125,4.274918079376221,0.2392183095216751,1.3280529975891113,3.0869998931884766,3.9726481437683105,67.22093200683594,578.7000122070312,73.7187592,19.9837057
1751120277087812600,66.3468125,4.337341785430908,0.21767106652259827,1.3280529975891113,3.0989999771118164,3.7524263858795166,65.50525665283203,578.7000122070312,73.7187693,19.9837106
1751120277701951000,66.96095092773437,6.540002822875977,0.2542116343975067,1.3280529975891113,3.124000072479248,3.7300126552581787,60.57242202758789,578.7000122070312,73.7187922,19.983722
1751120277867458000,67.1264580078125,6.005632400512695,0.20593048632144928,1.3380626440048218,3.124000072479248,3.8863229751586914,58.842384338378906,578.7000122070312,73.7188014,19.9837283
1751120278363381200,67.62238134765624,6.03930139541626,0.24813099205493927,1.3380626440048218,3.134000062942505,3.7399098873138428,57.23129653930664,578.7000122070312,73.71882,19.9837396
1751120278867163400,68.12616333007813,6.060804843902588,0.2253178358078003,1.3480597734451294,3.1440000534057617,3.9612019062042236,56.301856994628906,578.7000122070312,73.7188411,19.9837536
1751120278985474300,68.24447436523438,6.060804843902588,0.2253178358078003,1.3480597734451294,3.134000062942505,3.972623825073242,56.226173400878906,578.7000122070312,73.7188471,19.9837577
1751120279602417000,68.8614169921875,6.049639701843262,0.22530053555965424,1.3480597734451294,3.1510000228881836,3.7674875259399414,56.032691955566406,578.7000122070312,73.7188683,19.9837704
1751120279867284500,69.12628442382812,6.180070877075195,0.25457093119621277,1.3580609560012817,3.1429998874664307,4.004786491394043,54.7634162902832,578.7000122070312,73.7188807,19.9837785
1751120280218882800,69.4778828125,5.95979118347168,0.19031691551208496,1.3580609560012817,3.1429998874664307,3.812126398086548,56.16619110107422,578.7000122070312,73.7188934,19.9837866
1751120280867150300,70.126150390625,6.142215728759766,0.20607836544513702,1.3680596351623535,3.121000051498413,3.9359216690063477,57.580474853515625,578.7000122070312,73.7189184,19.9838031
1751120280917010000,70.17601000976562,6.276045322418213,0.25261908769607544,1.3680596351623535,3.111999988555908,3.9392471313476562,57.43220901489258,578.7000122070312,73.7189216,19.9838053
1751120281861821700,71.12082177734375,6.7050604820251465,0.2474629431962967,1.3680596351623535,3.117000102996826,3.6917991638183594,62.19013595581055,578.7000122070312,73.7189544,19.9838224
1751120281867170000,71.12617016601563,6.1852850914001465,0.22177927196025848,1.3780597448349,3.117000102996826,3.772968053817749,61.6028938293457,578.7000122070312,73.7189562,19.9838243
1751120282566312200,71.82531225585937,6.888978958129883,0.2464722990989685,1.3780597448349,3.1679999828338623,3.588438034057617,62.55253982543945,578.7000122070312,73.7189806,19.9838359
1751120282867167700,72.12616772460937,6.16165018081665,0.2134496420621872,1.3880597352981567,3.138000011444092,3.749951124191284,62.52896499633789,578.7000122070312,73.7189934,19.9838443
1751120283241639000,72.50063891601563,6.2829484939575195,0.22816166281700134,1.3880597352981567,3.1670000553131104,3.594599723815918,62.989349365234375,578.7000122070312,73.7190069,19.9838511
1751120283867030300,73.1260302734375,5.817437171936035,0.23210926353931427,1.3980584144592285,3.1470000743865967,3.7005438804626465,62.65227127075195,578.7000122070312,73.7190298,19.9838641
1751120283932024800,73.19102490234376,5.817437171936035,0.23210926353931427,1.3980584144592285,3.1470000743865967,3.7038626670837402,62.630706787109375,578.7000122070312,73.719033,19.9838662
1751120284365116400,73.62411645507812,6.234213352203369,0.21652506291866302,1.3980584144592285,3.1559998989105225,3.521414041519165,63.21062469482422,578.7000122070312,73.7190476,19.9838732
1751120284866524000,74.12552392578125,6.4402384757995605,0.22723229229450226,1.4080532789230347,3.13700008392334,3.7115182876586914,62.8933219909668,578.7000122070312,73.7190661,19.9838824
1751120285022024700,74.28102465820312,6.473869800567627,0.22723229229450226,1.4080532789230347,3.13700008392334,3.7210025787353516,63.02878952026367,578.7000122070312,73.7190725,19.9838857
1751120285717989000,74.97698901367187,6.921082496643066,0.2316504418849945,1.4080532789230347,3.1559998989105225,3.527796506881714,65.53480529785156,578.7000122070312,73.7190964,19.9838965
1751120285866592000,75.12559204101562,6.558892250061035,0.2097868174314499,1.4180539846420288,3.1449999809265137,3.5411503314971924,65.95867156982422,578.7000122070312,73.7191025,19.9838986
1751120286006804700,75.2658046875,6.848747730255127,0.2578299939632416,1.4180539846420288,3.1559998989105225,3.5475242137908936,65.93466186523438,578.7000122070312,73.7191079,19.9839006
1751120286403813600,75.66281372070313,6.343052864074707,0.18382905423641205,1.4180539846420288,3.1480000019073486,3.3513944149017334,64.78924560546875,578.7000122070312,73.7191208,19.9839055
1751120286867003600,76.12600366210937,6.271966934204102,0.20546689629554749,1.42805814743042,3.115000009536743,3.5132038593292236,61.307098388671875,578.7000122070312,73.7191373,19.9839131
1751120287398308400,76.65730834960938,6.293271064758301,0.2081603854894638,1.42805814743042,3.118000030517578,3.40875506401062,61.6445426940918,578.7000122070312,73.7191551,19.983922
1751120287825523200,77.08452319335937,6.773166656494141,0.2483566254377365,1.42805814743042,3.0910000801086426,3.4057698249816895,64.62643432617188,578.7000122070312,73.7191697,19.983929
1751120287867323400,77.12632348632812,6.4763031005859375,0.2184663861989975,1.4380613565444946,3.0840001106262207,3.502161979675293,64.79855346679688,578.7000122070312,73.7191723,19.9839302
1751120288104434200,77.36343408203125,6.027771949768066,0.16104859113693237,1.4380613565444946,3.0789999961853027,3.392822027206421,65.47049713134766,578.7000122070312,73.7191803,19.9839336
1751120288483314400,77.742314453125,6.757976055145264,0.20573478937149048,1.4380613565444946,3.061000108718872,3.3910038471221924,66.22929382324219,578.7000122070312,73.719193,19.983939
1751120288866665700,78.12566577148438,6.200857162475586,0.17920415103435516,1.4480547904968262,3.056999921798706,3.5349068641662598,64.2487564086914,578.7000122070312,73.7192066,19.9839459
1751120289425564000,78.68456396484375,6.388919830322266,0.1811506450176239,1.4480547904968262,3.062000036239624,3.3909919261932373,63.17176818847656,578.7000122070312,73.7192253,19.9839544
1751120289863507200,79.12250708007812,6.758310317993164,0.22956645488739014,1.4480547904968262,3.0880000591278076,3.385244846343994,64.36425018310547,578.7000122070312,73.7192398,19.9839611
1751120289867436800,79.12643676757813,6.552440166473389,0.20741553604602814,1.4580624103546143,3.0880000591278076,3.458240270614624,64.2928695678711,578.7000122070312,73.7192411,19.9839623
1751120290778688500,80.0376884765625,7.283978462219238,0.24964672327041626,1.4580624103546143,3.118000030517578,3.401834011077881,65.20585632324219,578.7000122070312,73.7192714,19.9839764
1751120290866480000,80.12548022460938,6.7452006340026855,0.21834847331047058,1.468052864074707,3.11299991607666,3.617750883102417,64.5035400390625,578.7000122070312,73.7192764,19.9839796
1751120291466022400,80.7250224609375,6.974299907684326,0.2192256599664688,1.468052864074707,3.1579999923706055,3.5031442642211914,63.69960403442383,578.7000122070312,73.7192974,19.9839896
1751120291866783000,81.12578295898437,6.69089412689209,0.2157473862171173,1.4780559539794922,3.1540000438690186,3.603637218475342,62.75615692138672,578.7000122070312,73.7193123,19.9839974
1751120292160522200,81.41952221679688,6.411335468292236,0.18096965551376343,1.4780559539794922,3.1610000133514404,3.484036445617676,62.31006622314453,578.7000122070312,73.7193223,19.9840026
1751120292582466600,81.84146655273437,6.7410359382629395,0.22050637006759644,1.4780559539794922,3.190000057220459,3.4752748012542725,62.93435287475586,578.7000122070312,73.7193365,19.9840095
1751120292867038500,82.12603857421875,6.3802266120910645,0.18772244453430176,1.4880584478378296,3.1649999618530273,3.5311496257781982,62.184043884277344,578.7000122070312,73.7193465,19.984015
1751120293583997400,82.84299755859375,7.157867431640625,0.2224540412425995,1.4880584478378296,3.2179999351501465,3.3705577850341797,60.48566818237305,578.7000122070312,73.7193693,19.9840271
1751120293866522400,83.1255224609375,6.233962535858154,0.19643591344356537,1.4980533123016357,3.2009999752044678,3.478101968765259,61.24958038330078,578.7000122070312,73.7193789,19.9840325
1751120293985230600,83.24423071289063,6.563714027404785,0.1600942611694336,2.816058397293091,3.187000036239624,3.36991548538208,61.95350646972656,579.7999877929688,73.7193834,19.9840351
1751120294280624600,83.53962475585938,6.913021087646484,0.21443858742713928,2.816058397293091,3.190999984741211,3.3464696407318115,63.68500518798828,579.7999877929688,73.7194058,19.9840459
1751120294867094300,84.12609423828125,6.531351566314697,0.21169589459896088,2.826064109802246,3.1649999618530273,3.4273452758789062,67.13667297363281,579.7999877929688,73.7194165,19.9840502
1751120294986561800,84.24556176757812,6.533782005310059,0.21169589459896088,2.826064109802246,3.1649999618530273,3.428419589996338,67.3628158569336,579.7999877929688,73.7194188,19.9840509
1751120295662111200,84.921111328125,6.939615249633789,0.22486218810081482,2.826064109802246,3.171999931335449,3.327284336090088,66.69249725341797,579.7999877929688,73.719439,19.9840582
1751120295866967600,85.12596752929687,7.0775465965271,0.2088731825351715,2.8360629081726074,3.1489999294281006,3.476591110229492,65.48819732666016,579.7999877929688,73.7194455,19.9840615
1751120296100121600,85.35912158203125,6.9846696853637695,0.1774473935365677,2.8360629081726074,3.1389999389648438,3.370417356491089,64.66592407226562,579.7999877929688,73.7194526,19.9840647
1751120296866736400,86.125736328125,6.479325294494629,0.19959431886672974,2.8460607528686523,3.1080000400543213,3.387171506881714,68.59503936767578,579.7999877929688,73.7194766,19.9840759
1751120297123311900,86.38231176757813,6.7732672691345215,0.19660449028015137,2.8460607528686523,3.111999988555908,3.2674560546875,69.29841613769531,579.7999877929688,73.7194849,19.984079
1751120297860732200,87.11973217773438,6.796014308929443,0.24617715179920197,2.8460607528686523,3.13100004196167,3.260702610015869,68.492431640625,579.7999877929688,73.7195089,19.9840874
1751120297866621400,87.12562133789062,6.282504081726074,0.21987417340278625,2.8560595512390137,3.121000051498413,3.3008267879486084,68.08677673339844,579.7999877929688,73.7195092,19.9840883
1751120298586120000,87.84511987304687,6.498106479644775,0.21989542245864868,2.8560595512390137,3.121999979019165,3.26639986038208,64.03868103027344,579.7999877929688,73.7195317,19.9840984
1751120298866949000,88.12594921875,6.294241905212402,0.2266385555267334,2.866062879562378,3.121999979019165,3.3766720294952393,63.043582916259766,579.7999877929688,73.7195401,19.9841039
1751120298984199700,88.24319970703125,6.261496543884277,0.2266385555267334,2.866062879562378,3.11299991607666,3.3847556114196777,62.80373001098633,579.7999877929688,73.7195439,19.9841064
1751120299867436300,89.12643627929687,6.460058212280273,0.2471942901611328,2.876067638397217,3.118000030517578,3.159238338470459,56.612937927246094,579.7999877929688,73.7195684,19.9841204
1751120300063593200,89.32259326171875,6.422018527984619,0.22613473236560822,2.876067638397217,3.119999885559082,3.0930840969085693,55.90315628051758,579.7999877929688,73.719573,19.984124
1751120300743867100,90.0028671875,6.922698497772217,0.25961795449256897,2.876067638397217,3.134999990463257,3.1004364490509033,54.96950149536133,579.7999877929688,73.7195911,19.9841363
1751120300866750000,90.12575,6.556271553039551,0.21597319841384888,2.8860607147216797,3.124000072479248,3.147139310836792,55.08799362182617,579.7999877929688,73.7195937,19.9841382
1751120301440123600,90.69912353515625,6.767585754394531,0.22354188561439514,2.8860607147216797,3.1540000438690186,3.118431806564331,54.80276107788086,579.7999877929688,73.7196085,19.9841481
1751120301821077500,91.08007739257812,6.990108489990234,0.2653350830078125,2.8860607147216797,3.187999963760376,3.115286111831665,57.34918975830078,579.7999877929688,73.7196188,19.9841547
1751120301866819600,91.12581958007813,6.478831768035889,0.23699837923049927,2.896061420440674,3.187999963760376,3.057532548904419,58.030635833740234,579.7999877929688,73.7196186,19.9841546
1751120302248426000,91.50742602539063,7.047109603881836,0.28811272978782654,2.896061420440674,3.190000057220459,2.9799065589904785,60.023502349853516,579.7999877929688,73.7196275,19.9841595
1751120302604501000,91.8635009765625,7.043172836303711,0.32637709379196167,2.896061420440674,3.2100000381469727,2.973771810531616,63.04203414916992,579.7999877929688,73.7196369,19.9841642
1751120302866941200,92.12594116210937,6.633182525634766,0.28457877039909363,2.906062602996826,3.1740000247955322,2.6357455253601074,64.6050033569336,579.7999877929688,73.7196398,19.9841654
1751120302962847700,92.22184765625,6.633182525634766,0.28457877039909363,2.906062602996826,3.1619999408721924,2.611356496810913,64.74779510498047,579.7999877929688,73.7196406,19.9841656
1751120303359574000,92.61857397460938,6.935989856719971,0.2666078507900238,2.906062602996826,3.1510000228881836,2.5679476261138916,79.22511291503906,579.7999877929688,73.7196488,19.9841686
1751120303738717000,92.99771704101562,7.1342010498046875,0.3037740886211395,2.906062602996826,3.1470000743865967,2.544802665710449,104.47505950927734,579.7999877929688,73.7196581,19.9841685
1751120303867349500,93.126349609375,6.4862589836120605,0.19944258034229279,2.916066884994507,3.1470000743865967,2.1580281257629395,116.1021728515625,579.7999877929688,73.7196566,19.9841668
1751120304562006300,93.82100634765625,7.108993053436279,0.22525863349437714,2.916066884994507,3.1540000438690186,2.168480157852173,189.17544555664062,579.7999877929688,73.7196618,19.9841555
1751120304867005400,94.12600537109375,9.008737564086914,0.2360982596874237,2.926063299179077,3.1440000534057617,2.089416742324829,215.12339782714844,579.7999877929688,73.7196543,19.9841485
1751120305339320000,94.59832006835937,8.749996185302734,0.1902846395969391,2.926063299179077,3.1519999504089355,2.158485174179077,233.06942749023438,579.7999877929688,73.7196441,19.9841404
1751120305787748000,95.046748046875,9.437593460083008,0.2454218566417694,2.926063299179077,3.122999906539917,2.164815664291382,242.62672424316406,579.7999877929688,73.7196336,19.9841348
1751120305867084500,95.12608447265625,10.088769912719727,0.2161237746477127,2.9360640048980713,3.122999906539917,2.243349552154541,243.8714141845703,579.7999877929688,73.7196293,19.9841341
1751120306143971300,95.40297143554687,10.026300430297852,0.19684799015522003,2.9360640048980713,3.115000009536743,2.309009075164795,244.8182830810547,579.7999877929688,73.7196215,19.9841313
1751120306541779000,95.80077905273437,10.129340171813965,0.2468973696231842,2.9360640048980713,3.0989999771118164,2.307319402694702,244.2799835205078,579.7999877929688,73.7196112,19.9841272
1751120306866942000,96.12594189453125,9.809625625610352,0.22904562950134277,2.9460628032684326,3.065999984741211,2.5340328216552734,246.6186065673828,579.7999877929688,73.7195975,19.9841235
1751120307545843700,96.80484375,10.05323600769043,0.24033580720424652,2.9460628032684326,3.059999942779541,2.5326735973358154,241.6777801513672,579.7999877929688,73.7195771,19.9841158
1751120307866872300,97.12587231445312,6.075784206390381,0.2487642467021942,2.956062078475952,3.0290000438690186,2.85408353805542,245.91468811035156,579.7999877929688,73.7195602,19.9841122
1751120308261756000,97.520755859375,6.505122661590576,0.28030815720558167,2.956062078475952,3.0309998989105225,2.8046493530273438,245.92984008789062,579.7999877929688,73.7195452,19.984108
1751120308678951200,97.937951171875,7.151296138763428,0.28030815720558167,2.956062078475952,3.0429999828338623,2.801558017730713,245.50048828125,579.7999877929688,73.7195316,19.9841033
1751120308867330000,98.126330078125,5.565985202789307,0.25791627168655396,2.966066598892212,3.0239999294281006,2.9181418418884277,247.56686401367188,579.7999877929688,73.7195208,19.9841023
1751120309405508600,98.66450854492187,6.060314655303955,0.27075880765914917,2.966066598892212,3.0239999294281006,2.9005701541900635,248.50352478027344,579.7999877929688,73.7195018,19.9840975
1751120309867295000,99.126294921875,5.960291862487793,0.219278022646904,2.9760661125183105,3.0190000534057617,3.0936601161956787,252.77828979492188,579.7999877929688,73.7194823,19.9840939
1751120310300137200,99.55913720703126,6.459019660949707,0.21879254281520844,2.9760661125183105,3.0169999599456787,3.0490787029266357,252.54116821289062,579.7999877929688,73.7194661,19.9840905
1751120310867154000,100.12615380859376,6.257930278778076,0.23348020017147064,2.986064910888672,3.0199999809265137,3.154933452606201,255.71771240234375,579.7999877929688,73.7194429,19.9840873
1751120310967930000,100.22693017578125,6.257930278778076,0.23348020017147064,2.986064910888672,3.0190000534057617,3.1572165489196777,255.8477783203125,579.7999877929688,73.7194375,19.984087
1751120311643305000,100.90230493164063,6.6229071617126465,0.23907014727592468,2.986064910888672,3.0199999809265137,3.1013476848602295,258.6634826660156,579.7999877929688,73.7194144,19.9840831
1751120311867032000,101.12603198242188,6.505503177642822,0.2242659330368042,2.996063709259033,3.0199999809265137,3.486644983291626,261.6370544433594,579.7999877929688,73.7194015,19.9840826
1751120312259761200,101.51876123046875,6.260176181793213,0.20764756202697754,2.996063709259033,3.0190000534057617,3.4025213718414307,260.3019714355469,579.7999877929688,73.719385,19.9840804
1751120312867315000,102.12631494140625,6.519490718841553,0.23409348726272583,3.00606632232666,3.013000011444092,3.5887088775634766,258.8765869140625,579.7999877929688,73.7193581,19.9840753
1751120312928638200,102.18763818359375,6.519490718841553,0.23409348726272583,3.00606632232666,3.01200008392334,3.593838691711426,258.79010009765625,579.7999877929688,73.7193538,19.9840744
1751120313581779200,102.840779296875,6.727320194244385,0.23899425566196442,3.00606632232666,3.0460000038146973,3.4820101261138916,257.45941162109375,579.7999877929688,73.7193287,19.9840691
1751120313867161300,103.12616137695312,5.750169277191162,0.2147500067949295,3.0160648822784424,3.0450000762939453,3.6605584621429443,255.39463806152344,579.7999877929688,73.7193146,19.9840636
1751120314148026600,103.40702661132812,6.351894378662109,0.21302558481693268,2.7428762912750244,3.066999912261963,3.593661069869995,253.65536499023438,576.7999877929688,73.7193101,19.9840616
1751120314258564900,103.51756494140625,6.351894378662109,0.21302558481693268,2.7428762912750244,3.0980000495910645,3.5242393016815186,251.5375518798828,576.7999877929688,73.7192867,19.9840541
1751120314867008500,104.12600854492187,4.081074237823486,0.22204196453094482,2.7528748512268066,3.1070001125335693,3.662454843521118,246.49391174316406,576.7999877929688,73.719269,19.9840439
1751120314924829200,104.1838291015625,4.051401615142822,0.22204196453094482,2.7528748512268066,3.11899995803833,3.6662607192993164,246.5416259765625,576.7999877929688,73.7192676,19.9840421
1751120315583448800,104.84244873046875,6.152555465698242,0.23671598732471466,2.7528748512268066,3.1679999828338623,3.552778959274292,248.5023193359375,576.7999877929688,73.719246,19.9840323
1751120315866525200,105.12552514648438,5.541413307189941,0.23417608439922333,2.7628700733184814,3.1570000648498535,3.7362797260284424,249.7432861328125,576.7999877929688,73.7192335,19.9840252
1751120316258508000,105.51750805664062,4.183988571166992,0.25649499893188477,2.7628700733184814,3.177999973297119,3.6310932636260986,248.59988403320312,576.7999877929688,73.7192181,19.9840183
1751120316867165000,106.1261650390625,5.933645248413086,0.23715516924858093,2.772876501083374,3.191999912261963,3.6877126693725586,248.38424682617188,576.7999877929688,73.7191939,19.9840064
1751120316942747400,106.20174731445313,4.424501419067383,0.23715516924858093,2.772876501083374,3.177999973297119,3.689648389816284,248.49456787109375,576.7999877929688,73.7191899,19.984004
1751120317600612600,106.85961254882812,5.969552040100098,0.24622386693954468,2.772876501083374,3.184000015258789,3.530940294265747,248.32728576660156,576.7999877929688,73.7191668,19.9839948
1751120317867000800,107.12600073242187,5.63928747177124,0.23358963429927826,2.782874822616577,3.1579999923706055,3.7266030311584473,248.57923889160156,576.7999877929688,73.7191549,19.983989
1751120318307914800,107.56691479492187,6.270226955413818,0.22456423938274384,2.782874822616577,3.1710000038146973,3.518857717514038,247.00930786132812,576.7999877929688,73.7191385,19.9839817
1751120318866688800,108.12568872070312,5.99032735824585,0.23328883945941925,2.7928717136383057,3.13700008392334,3.537085771560669,244.84591674804688,576.7999877929688,73.719118,19.9839721
1751120318961190700,108.22019067382813,5.99032735824585,0.23328883945941925,2.7928717136383057,3.125,3.5386862754821777,244.7457275390625,576.7999877929688,73.719114,19.9839699
1751120319658730800,108.91773071289063,6.348545074462891,0.23308031260967255,2.7928717136383057,3.109999895095825,3.3915340900421143,242.43765258789062,576.7999877929688,73.7190914,19.9839587
1751120319867259100,109.12625903320313,5.9918341636657715,0.21860171854496002,2.802877426147461,3.0999999046325684,3.4986634254455566,242.1138153076172,576.7999877929688,73.719084,19.9839538
1751120320365058300,109.62405834960937,6.619985103607178,0.22813555598258972,2.802877426147461,3.0989999771118164,3.4246127605438232,240.98724365234375,576.7999877929688,73.7190683,19.9839448
1751120320866469000,110.12546923828126,6.546780109405518,0.23613053560256958,2.8128695487976074,3.0460000038146973,3.286345958709717,239.98875427246094,576.7999877929688,73.7190548,19.9839351
1751120321076512800,110.3355126953125,6.686240196228027,0.19491158425807953,2.8128695487976074,3.0460000038146973,3.215967893600464,240.0130157470703,576.7999877929688,73.7190495,19.9839311
1751120321747156500,111.00615649414063,6.5810370445251465,0.24421951174736023,2.8128695487976074,3.053999900817871,3.195451021194458,238.705322265625,576.7999877929688,73.7190305,19.9839199
1751120321867051500,111.12605151367187,6.1952433586120605,0.210060253739357,2.8228752613067627,3.049999952316284,3.16806960105896,237.66119384765625,576.7999877929688,73.7190284,19.9839171
1751120322463897600,111.72289770507813,6.5660834312438965,0.1996402144432068,2.8228752613067627,3.062000036239624,3.1336753368377686,236.596923828125,576.7999877929688,73.7190128,19.9839062
1751120322867049000,112.12604907226563,6.268970489501953,0.1982872039079666,2.8328752517700195,3.059999942779541,3.2168211936950684,236.53346252441406,576.7999877929688,73.7190028,19.9838982
1751120323159646200,112.41864624023438,6.6026692390441895,0.21313318610191345,2.8328752517700195,3.055000066757202,3.1784887313842773,236.4436798095703,576.7999877929688,73.718995,19.9838926
1751120323846341600,113.10534155273437,6.698657512664795,0.2652406096458435,2.8328752517700195,3.0880000591278076,3.1737754344940186,237.7626953125,576.7999877929688,73.7189756,19.9838801
1751120323866624800,113.12562475585938,6.384669780731201,0.2160400152206421,2.8428709506988525,3.0820000171661377,3.1891419887542725,237.9036865234375,576.7999877929688,73.7189753,19.9838798
1751120324542514400,113.80151440429688,6.811089992523193,0.2308344691991806,2.8428709506988525,3.1070001125335693,3.182957649230957,238.98849487304688,576.7999877929688,73.7189563,19.9838686
1751120324866513700,114.125513671875,6.860980033874512,0.22551065683364868,2.852869987487793,3.0899999141693115,3.3692328929901123,240.15704345703125,576.7999877929688,73.718946,19.9838639
1751120325238228500,114.497228515625,6.510164737701416,0.18163134157657623,2.852869987487793,3.0980000495910645,3.3010454177856445,239.95687866210938,576.7999877929688,73.7189344,19.9838581
1751120325867401700,115.12640161132812,6.05746603012085,0.1998748481273651,2.8628787994384766,3.0929999351501465,3.3643064498901367,240.7294158935547,576.7999877929688,73.7189143,19.9838492
1751120325942268700,115.2012685546875,6.05746603012085,0.1998748481273651,2.8628787994384766,3.0859999656677246,3.36578369140625,240.7490997314453,576.7999877929688,73.7189112,19.9838481
1751120326658478000,115.91747802734375,6.529313087463379,0.23885473608970642,2.8628787994384766,3.118000030517578,3.284498453140259,237.79331970214844,576.7999877929688,73.7188896,19.9838365
1751120326867051800,116.1260517578125,6.211927890777588,0.21580593287944794,2.872875213623047,3.1070001125335693,3.443864583969116,238.69766235351562,576.7999877929688,73.7188816,19.9838341
1751120327385562400,116.64456225585937,6.399196624755859,0.21932847797870636,2.872875213623047,3.119999885559082,3.369166135787964,236.87631225585938,576.7999877929688,73.7188649,19.9838259
1751120327866674700,117.1256748046875,6.233519554138184,0.22774626314640045,2.882871627807617,3.114000082015991,3.4223663806915283,237.18714904785156,576.7999877929688,73.7188494,19.9838196
1751120328102133800,117.3611337890625,6.234620571136475,0.17829836905002594,2.882871627807617,3.117000102996826,3.3302981853485107,236.6235809326172,576.7999877929688,73.718842,19.9838162
1751120328817113000,118.07611303710938,6.686008453369141,0.22037847340106964,2.882871627807617,3.1559998989105225,3.318331718444824,233.76402282714844,576.7999877929688,73.7188211,19.9838034
1751120328867056400,118.12605639648437,6.581972122192383,0.22741180658340454,2.8928754329681396,3.134000062942505,3.3610739707946777,234.69728088378906,576.7999877929688,73.7188185,19.9838041
1751120329543911700,118.80291162109376,7.335490703582764,0.23382888734340668,2.8928754329681396,3.1429998874664307,3.29260516166687,233.8246612548828,576.7999877929688,73.718799,19.9837929
1751120329867170300,119.12617041015625,6.423025131225586,0.1992562711238861,2.902876377105713,3.1429998874664307,3.3803980350494385,234.4159393310547,576.7999877929688,73.7187889,19.9837888
1751120330259201300,119.518201171875,6.486900329589844,0.1971488893032074,2.902876377105713,3.1419999599456787,3.267888307571411,231.3301544189453,576.7999877929688,73.718778,19.9837821
1751120330866712300,120.12571240234375,6.183899402618408,0.20877386629581451,2.912871837615967,3.13100004196167,3.247199296951294,233.82395935058594,576.7999877929688,73.7187618,19.9837724
1751120331005615600,120.26461572265625,6.702304363250732,0.25445592403411865,2.912871837615967,3.1449999809265137,3.238020420074463,233.97219848632812,576.7999877929688,73.7187577,19.9837703
1751120331722491000,120.98149096679687,7.085791110992432,0.25801149010658264,2.912871837615967,3.1480000019073486,3.1674628257751465,240.00003051757812,576.7999877929688,73.7187375,19.9837585
1751120331866522600,121.12552270507813,6.487095355987549,0.22067226469516754,2.922869920730591,3.13700008392334,3.130037546157837,242.15036010742188,576.7999877929688,73.7187338,19.9837576
1751120332447188500,121.7061884765625,6.627532005310059,0.23008418083190918,2.922869920730591,3.1480000019073486,3.0967729091644287,241.80709838867188,576.7999877929688,73.7187177,19.98375
1751120332866702300,122.12570239257812,6.751676082611084,0.22259904444217682,2.9328718185424805,3.1470000743865967,3.163306474685669,241.3548126220703,576.7999877929688,73.7187065,19.9837447
1751120333201331700,122.46033178710937,7.0164971351623535,0.19770678877830505,2.9328718185424805,3.1500000953674316,3.125239849090576,240.28140258789062,576.7999877929688,73.7186971,19.9837399
1751120333867453400,123.12645336914062,6.716826438903809,0.23639829456806183,2.9428794384002686,3.121000051498413,3.1681525707244873,241.2469482421875,576.7999877929688,73.7186793,19.9837304
1751120333918031600,123.17703149414062,6.716826438903809,0.23639829456806183,2.9428794384002686,3.115999937057495,3.1691267490386963,241.27578735351562,576.7999877929688,73.7186778,19.9837296
1751120334076888000,123.33588818359375,6.561934471130371,0.2019795924425125,1.9071872234344482,3.114000082015991,3.144690752029419,243.1000518798828,577.5999755859375,73.7186728,19.9837271
1751120334625611300,123.884611328125,6.833661079406738,0.2475595921278,1.9071872234344482,3.125999927520752,3.1452314853668213,244.9253692626953,577.5999755859375,73.7186444,19.9837139
1751120334866598100,124.12559814453125,6.5667314529418945,0.2150333821773529,1.917178750038147,3.117000102996826,3.2967586517333984,245.0301971435547,577.5999755859375,73.7186442,19.9837133
1751120335361762300,124.62076220703125,6.645375728607178,0.20992957055568695,1.917178750038147,3.138000011444092,3.242272138595581,243.98817443847656,577.5999755859375,73.7186323,19.983708
1751120335866995200,125.1259951171875,6.339740753173828,0.21185070276260376,1.927182674407959,3.1419999599456787,3.303879976272583,242.95843505859375,577.5999755859375,73.7186191,19.9837015
1751120336107237000,125.36623706054688,6.655974388122559,0.22678200900554657,1.927182674407959,3.1559998989105225,3.237461566925049,241.74285888671875,577.5999755859375,73.7186128,19.9836982
1751120336843035000,126.10203491210937,6.92359733581543,0.26967042684555054,1.927182674407959,3.178999900817871,3.2424094676971436,238.9667510986328,577.5999755859375,73.7185914,19.9836866
1751120336867180000,126.12617993164062,6.568454265594482,0.2414102852344513,1.9371845722198486,3.180000066757202,3.3106372356414795,238.68557739257812,577.5999755859375,73.7185908,19.983686
1751120337539855000,126.79885522460937,6.7922563552856445,0.24171461164951324,1.9371845722198486,3.187999963760376,3.2512331008911133,236.03636169433594,577.5999755859375,73.7185722,19.9836748
1751120337867172900,127.1261728515625,6.656586170196533,0.24255014955997467,1.947184443473816,3.187999963760376,3.2855098247528076,233.81381225585938,577.5999755859375,73.7185642,19.983669
1751120338323474200,127.58247412109375,6.570515155792236,0.2087613046169281,1.947184443473816,3.193000078201294,3.1918904781341553,226.1357421875,577.5999755859375,73.718553,19.9836602
1751120338685430000,127.94442993164063,7.048229217529297,0.2516286373138428,1.947184443473816,3.2119998931884766,3.1855199337005615,214.86647033691406,577.5999755859375,73.7185454,19.9836517
1751120338866479400,128.12547924804687,6.7456841468811035,0.21962162852287292,1.9571775197982788,3.197000026702881,3.1624746322631836,205.30960083007812,577.5999755859375,73.7185428,19.9836481
1751120339399468800,128.65846875,7.200427532196045,0.2533581554889679,1.9571775197982788,3.2160000801086426,3.0528030395507812,192.75083923339844,577.5999755859375,73.7185374,19.9836342
1751120339866773000,129.12577294921874,6.448174953460693,0.23938597738742828,1.9671804904937744,3.190999984741211,3.1564462184906006,215.5301055908203,577.5999755859375,73.7185307,19.9836236
1751120340603597600,129.86259765625,6.70010232925415,0.270216703414917,1.9671804904937744,3.1989998817443848,3.0259854793548584,277.2952575683594,577.5999755859375,73.7185102,19.9836149
1751120340866601000,130.12560107421876,38.18330764770508,0.2506483197212219,1.977178692817688,3.184000015258789,3.0358338356018066,273.51702880859375,577.5999755859375,73.7185004,19.9836176
1751120341866836000,131.1258359375,18.322233200073242,0.2569792866706848,1.9871810674667358,3.2070000171661377,2.9873788356781006,254.8429718017578,577.5999755859375,73.7184731,19.9836108
1751120342866488600,132.12548852539064,6.607205867767334,0.24887807667255402,1.9971776008605957,3.2039999961853027,2.948082447052002,251.53424072265625,577.5999755859375,73.7184458,19.9835938
1751120343057188600,132.31618872070314,7.009149551391602,0.2915380597114563,1.9971776008605957,3.242000102996826,2.825254440307617,252.77542114257812,577.5999755859375,73.718441,19.9835905
1751120343866785000,133.12578491210937,6.348526954650879,0.26751255989074707,2.007180690765381,3.2279999256134033,2.8223154544830322,248.9319610595703,577.5999755859375,73.7184193,19.9835829
1751120344558545000,133.817544921875,6.606604099273682,0.2902614176273346,2.007180690765381,3.250999927520752,2.707188844680786,253.8297119140625,577.5999755859375,73.7184011,19.9835763
1751120344867470600,134.126470703125,6.523170471191406,0.26138707995414734,2.0171873569488525,3.250999927520752,2.792034149169922,258.3175964355469,577.5999755859375,73.7183926,19.9835746
